date,precio_btc,usd_invertido,equity_usd
2021-07-01,33572.1171875,2000.0,1914.5199239353467
2021-07-02,33897.046875,2000.0,1933.0497162961472
2021-07-03,34668.546875,2000.0,1977.0461110741946
2021-07-04,35287.78125,2000.0,2012.359241369253
2021-07-05,33746.00390625,2000.0,1924.4361763329932
2021-07-06,34235.1953125,2000.0,1952.3333354145268
2021-07-07,33855.328125,2000.0,1930.6706176640712
2021-07-08,32877.37109375,2000.0,1874.900580563822
2021-07-09,33798.01171875,2000.0,1927.402030189497
2021-07-10,33520.51953125,2000.0,1911.5774600934842
2021-07-11,34240.1875,2000.0,1952.6180253070168
2021-07-12,33155.84765625,2000.0,1890.7812866949737
2021-07-13,32702.025390625,2000.0,1864.9011265426661
2021-07-14,32822.34765625,2000.0,1871.7627544091945
2021-07-15,31780.73046875,4000.0,3746.630100963682
2021-07-16,31421.5390625,4000.0,3704.285028499504
2021-07-17,31533.068359375,4000.0,3717.433216557109
2021-07-18,31796.810546875,4000.0,3748.525781265562
2021-07-19,30817.83203125,4000.0,3633.114010650535
2021-07-20,29807.34765625,4000.0,3513.9880144859358
2021-07-21,32110.693359375,4000.0,3785.52942391764
2021-07-22,32313.10546875,4000.0,3809.391786128906
2021-07-23,33581.55078125,4000.0,3958.9287954783863
2021-07-24,34292.4453125,4000.0,4042.7361469806024
2021-07-25,35350.1875,4000.0,4167.433366342613
2021-07-26,37337.53515625,4000.0,4401.721768156014
2021-07-27,39406.94140625,4000.0,4645.6840570340555
2021-07-28,39995.90625,4000.0,4715.117118497917
2021-07-29,40008.421875,4000.0,4716.592585444892
2021-07-30,42235.546875,4000.0,4979.148336698427
2021-07-31,41626.1953125,4000.0,4907.311885098403
2021-08-01,39974.89453125,6000.0,6639.032084746347
2021-08-02,39201.9453125,6000.0,6510.660647539696
2021-08-03,38152.98046875,6000.0,6336.448524278606
2021-08-04,39747.50390625,6000.0,6601.267040639343
2021-08-05,40869.5546875,6000.0,6787.617279327527
2021-08-06,42816.5,6000.0,7110.9660348027755
2021-08-07,44555.80078125,6000.0,7399.829178211851
2021-08-08,43798.1171875,6000.0,7273.993056616589
2021-08-09,46365.40234375,6000.0,7700.367878186476
2021-08-10,45585.03125,6000.0,7570.763815682579
2021-08-11,45593.63671875,6000.0,7572.193012277228
2021-08-12,44428.2890625,6000.0,7378.652026855001
2021-08-13,47793.3203125,6000.0,7937.516551624656
2021-08-14,47096.9453125,6000.0,7821.862563734806
2021-08-15,47047.00390625,8000.0,9809.461375422226
2021-08-16,46004.484375,8000.0,9592.092484189567
2021-08-17,44695.359375,8000.0,9319.13544002392
2021-08-18,44801.1875,8000.0,9341.200966379
2021-08-19,46717.578125,8000.0,9740.77497227359
2021-08-20,49339.17578125,8000.0,10287.387058393391
2021-08-21,48905.4921875,8000.0,10196.962544421744
2021-08-22,49321.65234375,8000.0,10283.73336168481
2021-08-23,49546.1484375,8000.0,10330.541565772834
2021-08-24,47706.1171875,8000.0,9946.888750974844
2021-08-25,48960.7890625,8000.0,10208.492132162866
2021-08-26,46942.21875,8000.0,9787.613311622026
2021-08-27,49058.66796875,8000.0,10228.900219195171
2021-08-28,48902.40234375,8000.0,10196.31830142208
2021-08-29,48829.83203125,8000.0,10181.187142828227
2021-08-30,47054.984375,8000.0,9811.125330476982
2021-08-31,47166.6875,8000.0,9834.415814444566
2021-09-01,48847.02734375,10000.0,12256.891959327535
2021-09-02,49327.72265625,10000.0,12377.5099545477
2021-09-03,50025.375,10000.0,12552.567677965326
2021-09-04,49944.625,10000.0,12532.305564188155
2021-09-05,51753.41015625,10000.0,12986.17318814354
2021-09-06,52633.53515625,10000.0,13207.017682114236
2021-09-07,46811.12890625,10000.0,11746.03616020194
2021-09-08,46091.390625,10000.0,11565.4365447905
2021-09-09,46391.421875,10000.0,11640.721589053128
2021-09-10,44883.91015625,10000.0,11262.450704028573
2021-09-11,45201.45703125,10000.0,11342.130839147278
2021-09-12,46063.26953125,10000.0,11558.380287191725
2021-09-13,44963.07421875,10000.0,11282.31486800923
2021-09-14,47092.4921875,10000.0,11816.636962894274
2021-09-15,48176.34765625,12000.0,14132.348185151348
2021-09-16,47783.359375,12000.0,14017.066568891492
2021-09-17,47267.51953125,12000.0,13865.746914448919
2021-09-18,48278.36328125,12000.0,14162.274080387591
2021-09-19,47260.21875,12000.0,13863.605258062162
2021-09-20,42843.80078125,12000.0,12568.065859540806
2021-09-21,40693.67578125,12000.0,11937.334875979903
2021-09-22,43574.5078125,12000.0,12782.415985470776
2021-09-23,44895.09765625,12000.0,13169.80598885615
2021-09-24,42839.75,12000.0,12566.877578281807
2021-09-25,42716.59375,12000.0,12530.75016118086
2021-09-26,43208.5390625,12000.0,12675.060445843985
2021-09-27,42235.73046875,12000.0,12389.690748197367
2021-09-28,41034.54296875,12000.0,12037.326967805035
2021-09-29,41564.36328125,12000.0,12192.747739533967
2021-09-30,43790.89453125,12000.0,12845.892205665743
2021-10-01,48116.94140625,14000.0,16309.006408645575
2021-10-02,47711.48828125,14000.0,16171.58001742505
2021-10-03,48199.953125,14000.0,16337.1428323982
2021-10-04,49112.90234375,14000.0,16646.58258946114
2021-10-05,51514.8125,14000.0,17460.69851176255
2021-10-06,55361.44921875,14000.0,18764.497570147345
2021-10-07,53805.984375,14000.0,18237.28022499318
2021-10-08,53967.84765625,14000.0,18292.143007499297
2021-10-09,54968.22265625,14000.0,18631.215313619105
2021-10-10,54771.578125,14000.0,18564.56359331743
2021-10-11,57484.7890625,14000.0,19484.193421699398
2021-10-12,56041.05859375,14000.0,18994.847906812985
2021-10-13,57401.09765625,14000.0,19455.826621130014
2021-10-14,57321.5234375,14000.0,19428.855321508127
2021-10-15,61593.94921875,16000.0,23022.980586424983
2021-10-16,60892.1796875,16000.0,22760.66867918337
2021-10-17,61553.6171875,16000.0,23007.90502162913
2021-10-18,62026.078125,16000.0,23184.504494951994
2021-10-19,64261.9921875,16000.0,24020.258764759095
2021-10-20,65992.8359375,16000.0,24667.22462033139
2021-10-21,62210.171875,16000.0,23253.316235164977
2021-10-22,60692.265625,16000.0,22685.94352130228
2021-10-23,61393.6171875,16000.0,22948.099197509204
2021-10-24,60930.8359375,16000.0,22775.117859737344
2021-10-25,63039.82421875,16000.0,23563.428998608688
2021-10-26,60363.79296875,16000.0,22563.16490937796
2021-10-27,58482.38671875,16000.0,21859.92083884282
2021-10-28,60622.13671875,16000.0,22659.730289846593
2021-10-29,62227.96484375,16000.0,23259.967004912687
2021-10-30,61888.83203125,16000.0,23133.203771552253
2021-10-31,61318.95703125,16000.0,22920.192246425122
2021-11-01,61004.40625,18000.0,24790.31983562857
2021-11-02,63226.40234375,18000.0,25693.27090463565
2021-11-03,62970.046875,18000.0,25589.095903966336
2021-11-04,61452.23046875,18000.0,24972.30186439314
2021-11-05,61125.67578125,18000.0,24839.600054071878
2021-11-06,61527.48046875,18000.0,25002.88115664928
2021-11-07,63326.98828125,18000.0,25734.145944897053
2021-11-08,67566.828125,18000.0,27457.086831292516
2021-11-09,66971.828125,18000.0,27215.297078569547
2021-11-10,64995.23046875,18000.0,26412.068408758645
2021-11-11,64949.9609375,18000.0,26393.67225957071
2021-11-12,64155.94140625,18000.0,26071.007072817523
2021-11-13,64469.52734375,18000.0,26198.438780860422
2021-11-14,65466.83984375,18000.0,26603.715995587358
2021-11-15,63557.87109375,20000.0,27766.097357165298
2021-11-16,60161.24609375,20000.0,26282.236761887183
2021-11-17,60368.01171875,20000.0,26372.565062301728
2021-11-18,56942.13671875,20000.0,24875.926217316362
2021-11-19,58119.578125,20000.0,25390.307082434894
2021-11-20,59697.1953125,20000.0,26079.51003506132
2021-11-21,58730.4765625,20000.0,25657.186151841503
2021-11-22,56289.2890625,20000.0,24590.721076381156
2021-11-23,57569.07421875,20000.0,25149.812163498875
2021-11-24,56280.42578125,20000.0,24586.849034636267
2021-11-25,57274.6796875,20000.0,25021.202015370294
2021-11-26,53569.765625,20000.0,23402.661262053247
2021-11-27,54815.078125,20000.0,23946.69251294414
2021-11-28,57248.45703125,20000.0,25009.746300855768
2021-11-29,57806.56640625,20000.0,25253.563769495315
2021-11-30,57005.42578125,20000.0,24903.5748820809
2021-12-01,57229.828125,22000.0,27010.90841778406
2021-12-02,56477.81640625,22000.0,26655.979522665057
2021-12-03,53598.24609375,22000.0,25296.901354133384
2021-12-04,49200.703125,22000.0,23221.381746897514
2021-12-05,49368.84765625,22000.0,23300.741351553763
2021-12-06,50582.625,22000.0,23873.610950253304
2021-12-07,50700.0859375,22000.0,23929.049289480005
2021-12-08,50504.796875,22000.0,23836.878210953244
2021-12-09,47672.12109375,22000.0,22499.932974327676
2021-12-10,47243.3046875,22000.0,22297.54339782985
2021-12-11,49362.5078125,22000.0,23297.74911927691
2021-12-12,50098.3359375,22000.0,23645.039802243726
2021-12-13,46737.48046875,22000.0,22058.808247021578
2021-12-14,46612.6328125,22000.0,21999.88357924557
2021-12-15,48896.72265625,24000.0,25097.26122077725
2021-12-16,47665.42578125,24000.0,24465.272456838044
2021-12-17,46202.14453125,24000.0,23714.212881150484
2021-12-18,46848.77734375,24000.0,24046.110638865826
2021-12-19,46707.015625,24000.0,23973.348484404327
2021-12-20,46880.27734375,24000.0,24062.27866988116
2021-12-21,48936.61328125,24000.0,25117.735914816018
2021-12-22,48628.51171875,24000.0,24959.5963713756
2021-12-23,50784.5390625,24000.0,26066.222306729895
2021-12-24,50822.1953125,24000.0,26085.550161267078
2021-12-25,50429.859375,24000.0,25884.175570602616
2021-12-26,50809.515625,24000.0,26079.042047592004
2021-12-27,50640.41796875,24000.0,25992.249153913577
2021-12-28,47588.85546875,24000.0,24425.971149303
2021-12-29,46444.7109375,24000.0,23838.71514081805
2021-12-30,47178.125,24000.0,24215.155182392107
2021-12-31,46306.4453125,24000.0,23767.74742928298
2022-01-01,47686.8125,26000.0,26533.573304279886
2022-01-02,47345.21875,26000.0,26343.5060229763
2022-01-03,46458.1171875,26000.0,25849.91097849865
2022-01-04,45897.57421875,26000.0,25538.01745549317
2022-01-05,43569.00390625,26000.0,24242.37012991676
2022-01-06,43160.9296875,26000.0,24015.312236357826
2022-01-07,41557.90234375,26000.0,23123.36661650421
2022-01-08,41733.94140625,26000.0,23221.317079627748
2022-01-09,41911.6015625,26000.0,23320.169540758572
2022-01-10,41821.26171875,26000.0,23269.90325662734
2022-01-11,42735.85546875,26000.0,23778.795317912864
2022-01-12,43949.1015625,26000.0,24453.861494010223
2022-01-13,42591.5703125,26000.0,23698.513148286223
2022-01-14,43099.69921875,26000.0,23981.24279355257
2022-01-15,43177.3984375,28000.0,26025.97548935666
2022-01-16,43113.87890625,28000.0,25987.68791707968
2022-01-17,42250.55078125,28000.0,25467.300922178943
2022-01-18,42375.6328125,28000.0,25542.696429950996
2022-01-19,41744.328125,28000.0,25162.16585335838
2022-01-20,40680.41796875,28000.0,24520.87432928657
2022-01-21,36457.31640625,28000.0,21975.321754742603
2022-01-22,35030.25,28000.0,21115.131084280863
2022-01-23,36276.8046875,28000.0,21866.514977638384
2022-01-24,36654.328125,28000.0,22094.074212020118
2022-01-25,36954.00390625,28000.0,22274.709331777416
2022-01-26,36852.12109375,28000.0,22213.29758218463
2022-01-27,37138.234375,28000.0,22385.757654223722
2022-01-28,37784.33203125,28000.0,22775.204966331556
2022-01-29,38138.1796875,28000.0,22988.49318567296
2022-01-30,37917.6015625,28000.0,22855.535641159295
2022-01-31,38483.125,28000.0,23196.41535266708
2022-02-01,38743.2734375,30000.0,25364.80230217063
2022-02-02,36952.984375,30000.0,24192.71940609562
2022-02-03,37154.6015625,30000.0,24324.715999256674
2022-02-04,41500.875,30000.0,27170.174235283226
2022-02-05,41441.1640625,30000.0,27131.082129981176
2022-02-06,42412.43359375,30000.0,27766.96179260237
2022-02-07,43840.28515625,30000.0,28701.760775400842
2022-02-08,44118.4453125,30000.0,28883.869222767942
2022-02-09,44338.796875,30000.0,29028.131008721655
2022-02-10,43565.11328125,30000.0,28521.608723464597
2022-02-11,42407.9375,30000.0,27764.01824862732
2022-02-12,42244.46875,30000.0,27656.99702511037
2022-02-13,42197.515625,30000.0,27626.25732173927
2022-02-14,42586.91796875,30000.0,27881.194826727184
2022-02-15,44575.203125,32000.0,31274.207896715616
2022-02-16,43961.859375,32000.0,30843.882545289613
2022-02-17,40538.01171875,32000.0,28441.692181558206
2022-02-18,40030.9765625,32000.0,28085.95352473058
2022-02-19,40122.15625,32000.0,28149.925695420097
2022-02-20,38431.37890625,32000.0,26963.667003402214
2022-02-21,37075.28125,32000.0,26012.221422528906
2022-02-22,38286.02734375,32000.0,26861.68754699929
2022-02-23,37296.5703125,32000.0,26167.479046963887
2022-02-24,38332.609375,32000.0,26894.36975655599
2022-02-25,39214.21875,32000.0,27512.911747270555
2022-02-26,39105.1484375,32000.0,27436.387415594058
2022-02-27,37709.78515625,32000.0,26457.39285606549
2022-02-28,43193.234375,32000.0,30304.61101404826
2022-03-01,44354.63671875,34000.0,33171.12026170067
2022-03-02,43924.1171875,34000.0,32849.15132671292
2022-03-03,42451.7890625,34000.0,31748.053968870874
2022-03-04,39137.60546875,34000.0,29269.5040203113
2022-03-05,39400.5859375,34000.0,29466.1769591677
2022-03-06,38419.984375,34000.0,28732.822911771145
2022-03-07,38062.0390625,34000.0,28465.129432883285
2022-03-08,38737.26953125,34000.0,28970.108229695354
2022-03-09,41982.92578125,34000.0,31397.409223716986
2022-03-10,39437.4609375,34000.0,29493.754347917526
2022-03-11,38794.97265625,34000.0,29013.26216895514
2022-03-12,38904.01171875,34000.0,29094.808273781688
2022-03-13,37849.6640625,34000.0,28306.30237021904
2022-03-14,39666.75390625,34000.0,29665.233706204173
2022-03-15,39338.78515625,36000.0,31401.563960050516
2022-03-16,41143.9296875,36000.0,32842.49207285413
2022-03-17,40951.37890625,36000.0,32688.79145274185
2022-03-18,41801.15625,36000.0,33367.11279656525
2022-03-19,42190.65234375,36000.0,33678.02190195579
2022-03-20,41247.82421875,36000.0,32925.424241582485
2022-03-21,41077.99609375,36000.0,32789.86162295505
2022-03-22,42358.80859375,36000.0,33812.249972768965
2022-03-23,42892.95703125,36000.0,34238.625527013864
2022-03-24,43960.93359375,36000.0,35091.120951109355
2022-03-25,44348.73046875,36000.0,35400.673681969056
2022-03-26,44500.828125,36000.0,35522.08323394017
2022-03-27,46820.4921875,36000.0,37373.718436580675
2022-03-28,47128.00390625,36000.0,37619.18480943482
2022-03-29,47465.73046875,36000.0,37888.76970411901
2022-03-30,47062.6640625,36000.0,37567.02831109594
2022-03-31,45538.67578125,36000.0,36350.52873445774
2022-04-01,46281.64453125,38000.0,38973.49900854332
2022-04-02,45868.94921875,38000.0,38625.97072782959
2022-04-03,46453.56640625,38000.0,39118.273402208935
2022-04-04,46622.67578125,38000.0,39260.67940626628
2022-04-05,45555.9921875,38000.0,38362.43146359919
2022-04-06,43206.73828125,38000.0,36384.13864982009
2022-04-07,43503.84765625,38000.0,36634.332696493875
2022-04-08,42287.6640625,38000.0,35610.191688427105
2022-04-09,42782.13671875,38000.0,36026.58418643134
2022-04-10,42207.671875,38000.0,35542.83074065185
2022-04-11,39521.90234375,38000.0,33281.160110243065
2022-04-12,40127.18359375,38000.0,33790.86386938318
2022-04-13,41166.73046875,38000.0,34666.26014176047
2022-04-14,39935.515625,38000.0,33629.46140700949
2022-04-15,40553.46484375,40000.0,36178.55174697526
2022-04-16,40424.484375,40000.0,36063.48570808068
2022-04-17,39716.953125,40000.0,35432.28302196366
2022-04-18,40826.21484375,40000.0,36421.87744126568
2022-04-19,41502.75,40000.0,37025.427896284586
2022-04-20,41374.37890625,40000.0,36910.90549293523
2022-04-21,40527.36328125,40000.0,36155.26602445509
2022-04-22,39740.3203125,40000.0,35453.12935421683
2022-04-23,39486.73046875,40000.0,35226.896816011635
2022-04-24,39469.29296875,40000.0,35211.34047579463
2022-04-25,40458.30859375,40000.0,36093.66096568352
2022-04-26,38117.4609375,40000.0,34005.34426106344
2022-04-27,39241.12109375,40000.0,35007.78381254285
2022-04-28,39773.828125,40000.0,35483.022339517345
2022-04-29,38609.82421875,40000.0,34444.59132706991
2022-04-30,37714.875,40000.0,33646.18934720919
2022-05-01,38469.09375,42000.0,36357.08567549716
2022-05-02,38529.328125,42000.0,36414.01309746132
2022-05-03,37750.453125,42000.0,35677.89944504384
2022-05-04,39698.37109375,42000.0,37518.87394106207
2022-05-05,36575.140625,42000.0,34567.113276394295
2022-05-06,36040.921875,42000.0,34062.22389715835
2022-05-07,35501.953125,42000.0,33552.84529969228
2022-05-08,34059.265625,42000.0,32189.36339961584
2022-05-09,30296.953125,42000.0,28633.60721805791
2022-05-10,31022.90625,42000.0,29319.704481839177
2022-05-11,28936.35546875,42000.0,27347.708312312
2022-05-12,29047.751953125,42000.0,27452.988970928272
2022-05-13,29283.103515625,42000.0,27675.419397214948
2022-05-14,30101.265625,42000.0,28448.663240709244
2022-05-15,31305.11328125,44000.0,31664.50946935409
2022-05-16,29862.91796875,44000.0,30205.757133304694
2022-05-17,30425.857421875,44000.0,30775.159373890925
2022-05-18,28720.271484375,44000.0,29049.992574986136
2022-05-19,30314.333984375,44000.0,30662.35559927917
2022-05-20,29200.740234375,44000.0,29535.977313243446
2022-05-21,29432.2265625,44000.0,29770.121204149928
2022-05-22,30323.72265625,44000.0,30671.85205715235
2022-05-23,29098.91015625,44000.0,29432.97818194864
2022-05-24,29655.5859375,44000.0,29996.044841008083
2022-05-25,29562.361328125,44000.0,29901.749972952148
2022-05-26,29267.224609375,44000.0,29603.22495751287
2022-05-27,28627.57421875,44000.0,28956.231104813654
2022-05-28,28814.900390625,44000.0,29145.707861850227
2022-05-29,29445.95703125,44000.0,29784.009304596875
2022-05-30,31726.390625,44000.0,32090.623258515356
2022-05-31,31792.310546875,44000.0,32157.299969494718
2022-06-01,29799.080078125,46000.0,32013.906638701246
2022-06-02,30467.48828125,46000.0,32731.99450434291
2022-06-03,29704.390625,46000.0,31912.17936040722
2022-06-04,29832.9140625,46000.0,32050.255345243757
2022-06-05,29906.662109375,46000.0,32129.484740287262
2022-06-06,31370.671875,46000.0,33702.307519782094
2022-06-07,31155.478515625,46000.0,33471.119842235064
2022-06-08,30214.35546875,46000.0,32460.047511169934
2022-06-09,30111.998046875,46000.0,32350.08233979238
2022-06-10,29083.8046875,46000.0,31245.46816622508
2022-06-11,28360.810546875,46000.0,30468.737245082055
2022-06-12,26762.6484375,46000.0,28751.791204167213
2022-06-13,22487.388671875,46000.0,24158.77133126896
2022-06-14,22206.79296875,46000.0,23857.3202589703
2022-06-15,22572.83984375,48000.0,26282.42851973951
2022-06-16,20381.650390625,48000.0,23731.14208109894
2022-06-17,20471.482421875,48000.0,23835.73698171641
2022-06-18,19017.642578125,48000.0,22142.975147715784
2022-06-19,20553.271484375,48000.0,23930.96714343875
2022-06-20,20599.537109375,48000.0,23984.83599602445
2022-06-21,20710.59765625,48000.0,24114.148076596073
2022-06-22,19987.029296875,48000.0,23271.669513151868
2022-06-23,21085.876953125,48000.0,24551.10024403841
2022-06-24,21231.65625,48000.0,24720.836705037396
2022-06-25,21502.337890625,48000.0,25036.001784866825
2022-06-26,21027.294921875,48000.0,24482.89092436366
2022-06-27,20735.478515625,48000.0,24143.117821322907
2022-06-28,20280.634765625,48000.0,23613.52569070159
2022-06-29,20104.0234375,48000.0,23407.89030590499
2022-06-30,19784.7265625,48000.0,23036.120632622733
2022-07-01,19269.3671875,50000.0,24378.513905493954
2022-07-02,19242.255859375,50000.0,24344.214185982644
2022-07-03,19297.076171875,50000.0,24413.56974590221
2022-07-04,20231.26171875,50000.0,25595.448482406704
2022-07-05,20190.115234375,50000.0,25543.392276733855
2022-07-06,20548.24609375,50000.0,25996.47919185183
2022-07-07,21637.587890625,50000.0,27374.652843562624
2022-07-08,21731.1171875,50000.0,27492.980821967507
2022-07-09,21592.20703125,50000.0,27317.23954604477
2022-07-10,20860.44921875,50000.0,26391.46093412142
2022-07-11,19970.556640625,50000.0,25265.619157423676
2022-07-12,19323.9140625,50000.0,24447.523527748253
2022-07-13,20212.07421875,50000.0,25571.17354223819
2022-07-14,20569.919921875,50000.0,26023.89969379096
2022-07-15,20836.328125,52000.0,28384.502711929432
2022-07-16,21190.31640625,52000.0,28866.726896001303
2022-07-17,20779.34375,52000.0,28306.87515984724
2022-07-18,22485.689453125,52000.0,30631.362178254698
2022-07-19,23389.43359375,52000.0,31862.496947133783
2022-07-20,23231.732421875,52000.0,31647.666900596472
2022-07-21,23164.62890625,52000.0,31556.254444917562
2022-07-22,22714.978515625,52000.0,30943.713566527287
2022-07-23,22465.478515625,52000.0,30603.829620366483
2022-07-24,22609.1640625,52000.0,30799.56673731297
2022-07-25,21361.701171875,52000.0,29100.197559137454
2022-07-26,21239.75390625,52000.0,28934.07363984228
2022-07-27,22930.548828125,52000.0,31237.37644623718
2022-07-28,23843.88671875,52000.0,32481.580399919792
2022-07-29,23804.6328125,52000.0,32428.10636160927
2022-07-30,23656.20703125,52000.0,32225.91181153612
2022-07-31,23336.896484375,52000.0,31790.927728479444
2022-08-01,23314.19921875,54000.0,33756.080108927825
2022-08-02,22978.1171875,54000.0,33269.474849034435
2022-08-03,22846.5078125,54000.0,33078.92073375463
2022-08-04,22630.95703125,54000.0,32766.829832791358
2022-08-05,23289.314453125,54000.0,33720.05004269876
2022-08-06,22961.279296875,54000.0,33245.095663651744
2022-08-07,23175.890625,54000.0,33555.82635255504
2022-08-08,23809.486328125,54000.0,34473.1946529065
2022-08-09,23164.318359375,54000.0,33539.071141629116
2022-08-10,23947.642578125,54000.0,34673.22783435064
2022-08-11,23957.529296875,54000.0,34687.54258164297
2022-08-12,24402.818359375,54000.0,35332.26613077053
2022-08-13,24424.068359375,54000.0,35363.033505432824
2022-08-14,24319.333984375,54000.0,35211.39106987299
2022-08-15,24136.97265625,56000.0,36930.455141008904
2022-08-16,23883.291015625,56000.0,36542.31290864932
2022-08-17,23335.998046875,56000.0,35704.9345547331
2022-08-18,23212.73828125,56000.0,35516.342583820515
2022-08-19,20877.552734375,56000.0,31943.422884528038
2022-08-20,21166.060546875,56000.0,32384.850439636237
2022-08-21,21534.12109375,56000.0,32947.99660171397
2022-08-22,21398.908203125,56000.0,32741.11591030217
2022-08-23,21528.087890625,56000.0,32938.7655792267
2022-08-24,21395.01953125,56000.0,32735.166099433878
2022-08-25,21600.904296875,56000.0,33050.17735662078
2022-08-26,20260.01953125,56000.0,30998.57439085474
2022-08-27,20041.73828125,56000.0,30664.59605703246
2022-08-28,19616.814453125,56000.0,30014.44698505045
2022-08-29,20297.994140625,56000.0,31056.676938676024
2022-08-30,19796.80859375,56000.0,30289.84463456781
2022-08-31,20049.763671875,56000.0,30676.87519960293
2022-09-01,20127.140625,58000.0,32800.90209139766
2022-09-02,19969.771484375,58000.0,32544.439940612243
2022-09-03,19832.087890625,58000.0,32320.059033143647
2022-09-04,19986.712890625,58000.0,32572.04909871623
2022-09-05,19812.37109375,58000.0,32287.92686216604
2022-09-06,18837.66796875,58000.0,30699.467658398524
2022-09-07,19290.32421875,58000.0,31437.15482489385
2022-09-08,19329.833984375,58000.0,31501.543303022234
2022-09-09,21381.15234375,58000.0,34844.54636131909
2022-09-10,21680.5390625,58000.0,35332.45244952845
2022-09-11,21769.255859375,58000.0,35477.03289552309
2022-09-12,22370.44921875,58000.0,36456.78878267399
2022-09-13,20296.70703125,58000.0,33077.241944783884
2022-09-14,20241.08984375,58000.0,32986.60344049876
2022-09-15,19701.2109375,60000.0,34051.36409520669
2022-09-16,19772.583984375,60000.0,34174.72451266707
2022-09-17,20127.576171875,60000.0,34788.28924560984
2022-09-18,19419.505859375,60000.0,33564.46802505476
2022-09-19,19544.12890625,60000.0,33779.86517791288
2022-09-20,18890.7890625,60000.0,32650.639519245837
2022-09-21,18547.400390625,60000.0,32057.130179678872
2022-09-22,19413.55078125,60000.0,33554.17533116437
2022-09-23,19297.638671875,60000.0,33353.83407032041
2022-09-24,18937.01171875,60000.0,32730.530268216015
2022-09-25,18802.09765625,60000.0,32497.346233065844
2022-09-26,19222.671875,60000.0,33224.26225346406
2022-09-27,19110.546875,60000.0,33030.46659230966
2022-09-28,19426.720703125,60000.0,33576.938084494286
2022-09-29,19573.05078125,60000.0,33829.85344000831
2022-09-30,19431.7890625,60000.0,33585.69818309894
2022-10-01,19312.095703125,62000.0,35364.58429164206
2022-10-02,19044.107421875,62000.0,34873.84033991732
2022-10-03,19623.580078125,62000.0,35934.97890880598
2022-10-04,20336.84375,62000.0,37241.11748816833
2022-10-05,20160.716796875,62000.0,36918.59130687921
2022-10-06,19955.443359375,62000.0,36542.69166890624
2022-10-07,19546.849609375,62000.0,35794.46898323599
2022-10-08,19416.568359375,62000.0,35555.89610548767
2022-10-09,19446.42578125,62000.0,35610.57144103185
2022-10-10,19141.484375,62000.0,35052.158401291425
2022-10-11,19051.41796875,62000.0,34887.22751731916
2022-10-12,19157.4453125,62000.0,35081.3862970242
2022-10-13,19382.904296875,62000.0,35494.24999549622
2022-10-14,19185.65625,62000.0,35133.04656696598
2022-10-15,19067.634765625,64000.0,36902.65579438614
2022-10-16,19268.09375,64000.0,37290.61523414942
2022-10-17,19550.7578125,64000.0,37837.67074114316
2022-10-18,19334.416015625,64000.0,37418.97240953835
2022-10-19,19139.53515625,64000.0,37041.80862583745
2022-10-20,19053.740234375,64000.0,36875.76493401223
2022-10-21,19172.46875,64000.0,37105.54684450836
2022-10-22,19208.189453125,64000.0,37174.67911121885
2022-10-23,19567.0078125,64000.0,37869.12027140896
2022-10-24,19345.572265625,64000.0,37440.56372166314
2022-10-25,20095.857421875,64000.0,38892.632381937976
2022-10-26,20770.44140625,64000.0,40198.19234707192
2022-10-27,20285.8359375,64000.0,39260.308386676465
2022-10-28,20595.3515625,64000.0,39859.33121844114
2022-10-29,20818.4765625,64000.0,40291.157460936956
2022-10-30,20635.603515625,64000.0,39937.23306570652
2022-10-31,20495.7734375,64000.0,39666.612125764266
2022-11-01,20485.2734375,66000.0,41643.35257195048
2022-11-02,20159.50390625,66000.0,40981.1141357181
2022-11-03,20209.98828125,66000.0,41083.74096342014
2022-11-04,21147.23046875,66000.0,42989.007543260916
2022-11-05,21282.69140625,66000.0,43264.37841381581
2022-11-06,20926.486328125,66000.0,42540.269277487445
2022-11-07,20602.81640625,66000.0,41882.29901828151
2022-11-08,18541.271484375,66000.0,37691.50106352247
2022-11-09,15880.7802734375,66000.0,32283.139107814703
2022-11-10,17586.771484375,66000.0,35751.152053722886
2022-11-11,17034.29296875,66000.0,34628.04975856468
2022-11-12,16799.185546875,66000.0,34150.113191533055
2022-11-13,16353.365234375,66000.0,33243.830318921304
2022-11-14,16618.19921875,66000.0,33782.196331853
2022-11-15,16884.61328125,68000.0,36353.89258820557
2022-11-16,16669.439453125,68000.0,35890.60651199227
2022-11-17,16687.517578125,68000.0,35929.53012863062
2022-11-18,16697.77734375,68000.0,35951.62020622366
2022-11-19,16711.546875,68000.0,35981.267083632956
2022-11-20,16291.83203125,68000.0,35077.5882078895
2022-11-21,15787.2841796875,68000.0,33991.257233304386
2022-11-22,16189.76953125,68000.0,34857.83966520869
2022-11-23,16610.70703125,68000.0,35764.15101545685
2022-11-24,16604.46484375,68000.0,35750.711097697975
2022-11-25,16521.841796875,68000.0,35572.81721754974
2022-11-26,16464.28125,68000.0,35448.884859517246
2022-11-27,16444.626953125,68000.0,35406.56762159247
2022-11-28,16217.322265625,68000.0,34917.16285664313
2022-11-29,16444.982421875,68000.0,35407.33297360502
2022-11-30,17168.56640625,68000.0,36965.26586838596
2022-12-01,16967.1328125,70000.0,38506.186581723385
2022-12-02,17088.66015625,70000.0,38781.98772178231
2022-12-03,16908.236328125,70000.0,38372.523514344044
2022-12-04,17130.486328125,70000.0,38876.91044066569
2022-12-05,16974.826171875,70000.0,38523.64633375148
2022-12-06,17089.50390625,70000.0,38783.90257653634
2022-12-07,16848.126953125,70000.0,38236.10784325579
2022-12-08,17233.474609375,70000.0,39110.63796654572
2022-12-09,17133.15234375,70000.0,38882.960849784344
2022-12-10,17128.724609375,70000.0,38872.912294859816
2022-12-11,17104.193359375,70000.0,38817.239665899964
2022-12-12,17206.4375,70000.0,39049.27839626776
2022-12-13,17781.318359375,70000.0,40353.946066284865
2022-12-14,17815.650390625,70000.0,40431.86115162374
2022-12-15,17364.865234375,72000.0,41356.487773230045
2022-12-16,16647.484375,72000.0,39647.96010318738
2022-12-17,16795.091796875,72000.0,39999.50469945221
2022-12-18,16757.9765625,72000.0,39911.110363192594
2022-12-19,16439.6796875,72000.0,39153.048573393244
2022-12-20,16906.3046875,72000.0,40264.3713994974
2022-12-21,16817.53515625,72000.0,40052.95622384095
2022-12-22,16830.341796875,72000.0,40083.45675864358
2022-12-23,16796.953125,72000.0,40003.93767332241
2022-12-24,16847.755859375,72000.0,40124.93041554463
2022-12-25,16841.986328125,72000.0,40111.18959202672
2022-12-26,16919.8046875,72000.0,40296.52325195367
2022-12-27,16717.173828125,72000.0,39813.933807975016
2022-12-28,16552.572265625,72000.0,39421.91564859937
2022-12-29,16642.341796875,72000.0,39635.71244295629
2022-12-30,16602.5859375,72000.0,39541.02914481576
2022-12-31,16547.49609375,72000.0,39409.8261427351
2023-01-01,16625.080078125,74000.0,41601.91865815057
2023-01-02,16688.470703125,74000.0,41760.54475874958
2023-01-03,16679.857421875,74000.0,41738.99123694647
2023-01-04,16863.23828125,74000.0,42197.875979716446
2023-01-05,16836.736328125,74000.0,42131.55857895763
2023-01-06,16951.96875,74000.0,42419.91146622782
2023-01-07,16955.078125,74000.0,42427.69223872454
2023-01-08,17091.14453125,74000.0,42768.17923417472
2023-01-09,17196.5546875,74000.0,43031.95328671751
2023-01-10,17446.29296875,74000.0,43656.88812092978
2023-01-11,17934.896484375,74000.0,44879.54952271535
2023-01-12,18869.587890625,74000.0,47218.482969685574
2023-01-13,19909.57421875,74000.0,49820.90211142389
2023-01-14,20976.298828125,74000.0,52490.23003173014
2023-01-15,20880.798828125,76000.0,54240.04593519986
2023-01-16,21169.6328125,76000.0,54990.32223971774
2023-01-17,21161.51953125,76000.0,54969.24714813204
2023-01-18,20688.78125,76000.0,53741.26031192967
2023-01-19,21086.79296875,76000.0,54775.137132708674
2023-01-20,22676.552734375,76000.0,58904.70341143209
2023-01-21,22777.625,76000.0,59167.24912988855
2023-01-22,22720.416015625,76000.0,59018.64284494956
2023-01-23,22934.431640625,76000.0,59574.57068211712
2023-01-24,22636.46875,76000.0,58800.58109448139
2023-01-25,23117.859375,76000.0,60051.04329315961
2023-01-26,23032.77734375,76000.0,59830.03387099879
2023-01-27,23078.728515625,76000.0,59949.396817492925
2023-01-28,23031.08984375,76000.0,59825.65041429921
2023-01-29,23774.56640625,76000.0,61756.908084739865
2023-01-30,22840.138671875,76000.0,59329.63489213778
2023-01-31,23139.283203125,76000.0,60106.69391415226
2023-02-01,23723.76953125,78000.0,63673.55449855074
2023-02-02,23471.87109375,78000.0,62997.47016603653
2023-02-03,23449.322265625,78000.0,62936.95010262062
2023-02-04,23331.84765625,78000.0,62621.653415372755
2023-02-05,22955.666015625,78000.0,61611.99842929904
2023-02-06,22760.109375,78000.0,61087.133002749215
2023-02-07,23264.291015625,78000.0,62440.3343618004
2023-02-08,22939.3984375,78000.0,61568.336964752394
2023-02-09,21819.0390625,78000.0,58561.341654498
2023-02-10,21651.18359375,78000.0,58110.82495548631
2023-02-11,21870.875,78000.0,58700.46703198247
2023-02-12,21788.203125,78000.0,58478.57935383015
2023-02-13,21808.1015625,78000.0,58531.985885322676
2023-02-14,22220.8046875,78000.0,59639.66292993377
2023-02-15,24307.841796875,80000.0,67426.85777666965
2023-02-16,23623.474609375,80000.0,65528.51034606747
2023-02-17,24565.6015625,80000.0,68141.85054330758
2023-02-18,24641.27734375,80000.0,68351.7655239184
2023-02-19,24327.642578125,80000.0,67481.78262241973
2023-02-20,24829.1484375,80000.0,68872.8960144195
2023-02-21,24436.353515625,80000.0,67783.33291976136
2023-02-22,24188.84375,80000.0,67096.77234788536
2023-02-23,23947.4921875,80000.0,66427.29384729068
2023-02-24,23198.126953125,80000.0,64348.65011152803
2023-02-25,23175.375,80000.0,64285.539090799815
2023-02-26,23561.212890625,80000.0,65355.804266680905
2023-02-27,23522.87109375,80000.0,65249.44900460556
2023-02-28,23147.353515625,80000.0,64207.81106140778
2023-03-01,23646.55078125,82000.0,67633.29440936472
2023-03-02,23475.466796875,82000.0,67143.96412221197
2023-03-03,22362.6796875,82000.0,63961.197262066664
2023-03-04,22353.349609375,82000.0,63934.511597568366
2023-03-05,22435.513671875,82000.0,64169.515268096846
2023-03-06,22429.7578125,82000.0,64153.05249789034
2023-03-07,22219.76953125,82000.0,63552.44907882598
2023-03-08,21718.080078125,82000.0,62117.529001087576
2023-03-09,20363.021484375,82000.0,58241.8230826708
2023-03-10,20187.244140625,82000.0,57739.068962193895
2023-03-11,20632.41015625,82000.0,59012.3220668151
2023-03-12,22163.94921875,82000.0,63392.79316688094
2023-03-13,24197.533203125,82000.0,69209.20104783332
2023-03-14,24746.07421875,82000.0,70778.12483500972
2023-03-15,24375.9609375,84000.0,71685.6782520874
2023-03-16,25052.7890625,84000.0,73676.1180679829
2023-03-17,27423.9296875,84000.0,80649.25132701725
2023-03-18,26965.87890625,84000.0,79302.19957336555
2023-03-19,28038.67578125,84000.0,82457.1181346595
2023-03-20,27767.236328125,84000.0,81658.85949978833
2023-03-21,28175.81640625,84000.0,82860.42607990305
2023-03-22,27307.4375,84000.0,80306.66702876463
2023-03-23,28333.97265625,84000.0,83325.53750997655
2023-03-24,27493.28515625,84000.0,80853.21431459271
2023-03-25,27494.70703125,84000.0,80857.39581430983
2023-03-26,27994.330078125,84000.0,82326.70474032266
2023-03-27,27139.888671875,84000.0,79813.93357652129
2023-03-28,27268.130859375,84000.0,80191.07268562309
2023-03-29,28348.44140625,84000.0,83368.08771588923
2023-03-30,28033.5625,84000.0,82442.08081836908
2023-03-31,28478.484375,84000.0,83750.52262545693
2023-04-01,28411.03515625,86000.0,85545.7941752935
2023-04-02,28199.30859375,86000.0,84908.28424869433
2023-04-03,27790.220703125,86000.0,83676.51820079963
2023-04-04,28168.08984375,86000.0,84814.28440858916
2023-04-05,28177.984375,86000.0,84844.07690045433
2023-04-06,28044.140625,86000.0,84441.07258096438
2023-04-07,27925.859375,86000.0,84084.92704062596
2023-04-08,27947.794921875,86000.0,84150.9751014506
2023-04-09,28333.05078125,86000.0,85310.98276289864
2023-04-10,29652.98046875,86000.0,89285.29882536337
2023-04-11,30235.05859375,86000.0,91037.93948774476
2023-04-12,30139.052734375,86000.0,90748.86527976366
2023-04-13,30399.06640625,86000.0,91531.76797706605
2023-04-14,30485.69921875,86000.0,91792.61988570626
2023-04-15,30318.49609375,88000.0,93275.88282560492
2023-04-16,30315.35546875,88000.0,93266.22058613917
2023-04-17,29445.044921875,88000.0,90588.68063359069
2023-04-18,30397.552734375,88000.0,93519.10326519141
2023-04-19,28822.6796875,88000.0,88673.95285498364
2023-04-20,28245.98828125,88000.0,86899.74215965178
2023-04-21,27276.91015625,88000.0,83918.34039892953
2023-04-22,27817.5,88000.0,85581.4834112484
2023-04-23,27591.384765625,88000.0,84885.83221399147
2023-04-24,27525.33984375,88000.0,84682.64276900746
2023-04-25,28307.59765625,88000.0,87089.28549404703
2023-04-26,28422.701171875,88000.0,87443.40536869563
2023-04-27,29473.787109375,88000.0,90677.10694949738
2023-04-28,29340.26171875,88000.0,90266.31155081835
2023-04-29,29248.48828125,88000.0,89983.96745379311
2023-04-30,29268.806640625,88000.0,90046.47757640641
2023-05-01,28091.568359375,90000.0,88345.03747500086
2023-05-02,28680.537109375,90000.0,90197.2824484642
2023-05-03,29006.30859375,90000.0,91221.79961415642
2023-05-04,28847.7109375,90000.0,90723.02661203682
2023-05-05,29534.384765625,90000.0,92882.54381316739
2023-05-06,28904.623046875,90000.0,90902.00922956796
2023-05-07,28454.978515625,90000.0,89487.924317842
2023-05-08,27694.2734375,90000.0,87095.58659662152
2023-05-09,27658.775390625,90000.0,86983.94896068245
2023-05-10,27621.755859375,90000.0,86867.52641589077
2023-05-11,27000.7890625,90000.0,84914.65093956141
2023-05-12,26804.990234375,90000.0,84298.884151927
2023-05-13,26784.078125,90000.0,84233.11776029017
2023-05-14,26930.638671875,90000.0,84694.03531535105
2023-05-15,27192.693359375,92000.0,87535.55593663751
2023-05-16,27036.650390625,92000.0,87033.24055952443
2023-05-17,27398.802734375,92000.0,88199.03926599877
2023-05-18,26832.208984375,92000.0,86375.12656117746
2023-05-19,26890.12890625,92000.0,86561.57563755725
2023-05-20,27129.5859375,92000.0,87332.40786356693
2023-05-21,26753.826171875,92000.0,86122.80572714358
2023-05-22,26851.27734375,92000.0,86436.5092060163
2023-05-23,27225.7265625,92000.0,87641.892582357
2023-05-24,26334.818359375,92000.0,84773.98450799294
2023-05-25,26476.20703125,92000.0,85229.12647690916
2023-05-26,26719.291015625,92000.0,86011.6341686021
2023-05-27,26868.353515625,92000.0,86491.4788325477
2023-05-28,28085.646484375,92000.0,90410.04678567598
2023-05-29,27745.884765625,92000.0,89316.3253751591
2023-05-30,27702.349609375,92000.0,89176.18206332279
2023-05-31,27219.658203125,92000.0,87622.35802561068
2023-06-01,26819.97265625,94000.0,88304.48887355685
2023-06-02,27249.58984375,94000.0,89718.99912081625
2023-06-03,27075.12890625,94000.0,89144.58824755426
2023-06-04,27119.06640625,94000.0,89289.2520221826
2023-06-05,25760.09765625,94000.0,84814.86114930744
2023-06-06,27238.783203125,94000.0,89683.41836579231
2023-06-07,26345.998046875,94000.0,86743.93226314026
2023-06-08,26508.216796875,94000.0,87278.03585780291
2023-06-09,26480.375,94000.0,87186.36702301775
2023-06-10,25851.240234375,94000.0,85114.94716651189
2023-06-11,25940.16796875,94000.0,85407.74083305718
2023-06-12,25902.5,94000.0,85283.71942669684
2023-06-13,25918.728515625,94000.0,85337.1516503538
2023-06-14,25124.67578125,94000.0,82722.7410487347
2023-06-15,25576.39453125,96000.0,86244.1857310714
2023-06-16,26327.462890625,96000.0,88776.80536999369
2023-06-17,26510.67578125,96000.0,89394.60341608195
2023-06-18,26336.212890625,96000.0,88806.31056957234
2023-06-19,26851.029296875,96000.0,90542.28323388899
2023-06-20,28327.48828125,96000.0,95520.93660573792
2023-06-21,30027.296875,96000.0,101252.7299547781
2023-06-22,29912.28125,96000.0,100864.894643888
2023-06-23,30695.46875,96000.0,103505.82075760291
2023-06-24,30548.6953125,96000.0,103010.89737859921
2023-06-25,30480.26171875,96000.0,102780.13773957314
2023-06-26,30271.130859375,96000.0,102074.94371169721
2023-06-27,30688.1640625,96000.0,103481.18918474037
2023-06-28,30086.24609375,96000.0,101451.50806497516
2023-06-29,30445.3515625,96000.0,102662.41989643278
2023-06-30,30477.251953125,96000.0,102769.98874123594
2023-07-01,30590.078125,98000.0,105156.19338656847
2023-07-02,30620.76953125,98000.0,105261.69790465903
2023-07-03,31156.439453125,98000.0,107103.11228960694
2023-07-04,30777.58203125,98000.0,105800.75522605746
2023-07-05,30514.166015625,98000.0,104895.23856255002
2023-07-06,29909.337890625,98000.0,102816.08652448586
2023-07-07,30342.265625,98000.0,104304.31523617198
2023-07-08,30292.541015625,98000.0,104133.38234027867
2023-07-09,30171.234375,98000.0,103716.3796602426
2023-07-10,30414.470703125,98000.0,104552.52680097343
2023-07-11,30620.951171875,98000.0,105262.32231093256
2023-07-12,30391.646484375,98000.0,104474.06645997774
2023-07-13,31476.048828125,98000.0,108201.79876920089
2023-07-14,30334.068359375,98000.0,104276.13638531121
2023-07-15,30295.806640625,100000.0,106140.2383950417
2023-07-16,30249.1328125,100000.0,105976.71836394427
2023-07-17,30145.888671875,100000.0,105615.00633465854
2023-07-18,29856.5625,100000.0,104601.36278916673
2023-07-19,29913.923828125,100000.0,104802.32608134986
2023-07-20,29792.015625,100000.0,104375.22519918857
2023-07-21,29908.744140625,100000.0,104784.17923770964
2023-07-22,29771.802734375,100000.0,104304.41008424414
2023-07-23,30084.5390625,100000.0,105400.07024658048
2023-07-24,29176.916015625,100000.0,102220.2464607049
2023-07-25,29227.390625,100000.0,102397.08238837996
2023-07-26,29354.97265625,100000.0,102844.06131759057
2023-07-27,29210.689453125,100000.0,102338.57045023232
2023-07-28,29319.24609375,100000.0,102718.89462684136
2023-07-29,29356.91796875,100000.0,102850.8766480075
2023-07-30,29275.30859375,100000.0,102564.96122015567
2023-07-31,29230.111328125,100000.0,102406.61427118193
2023-08-01,29675.732421875,102000.0,105996.23849751557
2023-08-02,29151.958984375,102000.0,104125.41645980945
2023-08-03,29178.6796875,102000.0,104220.85787911444
2023-08-04,29074.091796875,102000.0,103847.28923922242
2023-08-05,29042.126953125,102000.0,103733.11671759786
2023-08-06,29041.85546875,102000.0,103732.14702552248
2023-08-07,29180.578125,102000.0,104227.63874744019
2023-08-08,29765.4921875,102000.0,106316.84381196622
2023-08-09,29561.494140625,102000.0,105588.20044363436
2023-08-10,29429.591796875,102000.0,105117.06961903506
2023-08-11,29397.71484375,102000.0,105003.21102649966
2023-08-12,29415.96484375,102000.0,105068.39665781213
2023-08-13,29282.9140625,102000.0,104593.16382644787
2023-08-14,29408.443359375,102000.0,105041.53130398247
2023-08-15,29170.34765625,104000.0,106172.94784512234
2023-08-16,28701.779296875,104000.0,104467.47334862154
2023-08-17,26664.55078125,104000.0,97052.45863961085
2023-08-18,26049.556640625,104000.0,94814.03002754583
2023-08-19,26096.205078125,104000.0,94983.81895773305
2023-08-20,26189.583984375,104000.0,95323.6953918417
2023-08-21,26124.140625,104000.0,95085.4975320283
2023-08-22,26031.65625,104000.0,94748.87697340222
2023-08-23,26431.640625,104000.0,96204.72250140845
2023-08-24,26162.373046875,104000.0,95224.6542188653
2023-08-25,26047.66796875,104000.0,94807.15572276057
2023-08-26,26008.462890625,104000.0,94664.45880450367
2023-08-27,26089.693359375,104000.0,94960.11789035554
2023-08-28,26106.150390625,104000.0,95020.01746855675
2023-08-29,27727.392578125,104000.0,100920.94344469502
2023-08-30,27297.265625,104000.0,99355.3862871636
2023-08-31,25931.47265625,104000.0,94384.23313715104
2023-09-01,25800.724609375,106000.0,95896.07273712756
2023-09-02,25868.798828125,106000.0,96149.09083377439
2023-09-03,25969.56640625,106000.0,96523.62353189512
2023-09-04,25812.416015625,106000.0,95939.52732846652
2023-09-05,25779.982421875,106000.0,95818.97822325857
2023-09-06,25753.236328125,106000.0,95719.56840471603
2023-09-07,26240.1953125,106000.0,97529.49641614307
2023-09-08,25905.654296875,106000.0,96286.07515361503
2023-09-09,25895.677734375,106000.0,96248.99428950554
2023-09-10,25832.2265625,106000.0,96013.15912264476
2023-09-11,25162.654296875,106000.0,93524.49449561305
2023-09-12,25833.34375,106000.0,96017.31148252546
2023-09-13,26228.32421875,106000.0,97485.37396272541
2023-09-14,26539.673828125,106000.0,98642.59746087679
2023-09-15,26608.693359375,108000.0,100902.76719012044
2023-09-16,26568.28125,108000.0,100749.52051961115
2023-09-17,26534.1875,108000.0,100620.23368570217
2023-09-18,26754.28125,108000.0,101454.85070790278
2023-09-19,27211.1171875,108000.0,103187.21725529667
2023-09-20,27132.0078125,108000.0,102887.22676946664
2023-09-21,26567.6328125,108000.0,100747.06158120271
2023-09-22,26579.568359375,108000.0,100792.32234208823
2023-09-23,26579.390625,108000.0,100791.6483559582
2023-09-24,26256.826171875,108000.0,99568.45240725474
2023-09-25,26298.48046875,108000.0,99726.40957423323
2023-09-26,26217.25,108000.0,99418.37569348884
2023-09-27,26352.716796875,108000.0,99932.07903406469
2023-09-28,27021.546875,108000.0,102468.34809287661
2023-09-29,26911.720703125,108000.0,102051.8765096081
2023-09-30,26967.916015625,108000.0,102264.97462975181
2023-10-01,27983.75,110000.0,108190.41752241993
2023-10-02,27530.78515625,110000.0,106439.17061775953
2023-10-03,27429.978515625,110000.0,106049.43326882484
2023-10-04,27799.39453125,110000.0,107477.66475924115
2023-10-05,27415.912109375,110000.0,105995.04990829498
2023-10-06,27946.59765625,110000.0,108046.77960461946
2023-10-07,27968.83984375,110000.0,108132.7720663959
2023-10-08,27935.08984375,110000.0,108002.28824662973
2023-10-09,27583.677734375,110000.0,106643.66322904933
2023-10-10,27391.01953125,110000.0,105898.81054007045
2023-10-11,26873.3203125,110000.0,103897.28841999744
2023-10-12,26756.798828125,110000.0,103446.79454248412
2023-10-13,26862.375,110000.0,103854.97179233715
2023-10-14,26861.70703125,110000.0,103852.38930007095
2023-10-15,27159.65234375,112000.0,107024.741080342
2023-10-16,28519.466796875,112000.0,112383.19662760163
2023-10-17,28415.748046875,112000.0,111974.48475517292
2023-10-18,28328.341796875,112000.0,111630.0535689171
2023-10-19,28719.806640625,112000.0,113172.6515011046
2023-10-20,29682.94921875,112000.0,116967.99040097833
2023-10-21,29918.412109375,112000.0,117895.85039654151
2023-10-22,29993.896484375,112000.0,118193.30249893728
2023-10-23,33086.234375,112000.0,130378.90259014138
2023-10-24,33901.52734375,112000.0,133591.6285035926
2023-10-25,34502.8203125,112000.0,135961.07062602494
2023-10-26,34156.6484375,112000.0,134596.95319100565
2023-10-27,33909.80078125,112000.0,133624.23063321764
2023-10-28,34089.57421875,112000.0,134332.64196919661
2023-10-29,34538.48046875,112000.0,136101.5922697204
2023-10-30,34502.36328125,112000.0,135959.2696585244
2023-10-31,34667.78125,112000.0,136611.1121435251
2023-11-01,35437.25390625,114000.0,141686.24557864552
2023-11-02,34938.2421875,114000.0,139691.08260364525
2023-11-03,34732.32421875,114000.0,138867.77547136706
2023-11-04,35082.1953125,114000.0,140266.64011931847
2023-11-05,35049.35546875,114000.0,140135.3389135694
2023-11-06,35037.37109375,114000.0,140087.42264150587
2023-11-07,35443.5625,114000.0,141711.46877922656
2023-11-08,35655.27734375,114000.0,142557.95314349377
2023-11-09,36693.125,114000.0,146707.5054278124
2023-11-10,37313.96875,114000.0,149189.78072660332
2023-11-11,37138.05078125,114000.0,148486.42045529257
2023-11-12,37054.51953125,114000.0,148152.44341428645
2023-11-13,36502.35546875,114000.0,145944.7652130904
2023-11-14,35537.640625,114000.0,142087.6146385415
2023-11-15,37880.58203125,116000.0,153584.32781526257
2023-11-16,36154.76953125,116000.0,146587.13456915523
2023-11-17,36596.68359375,116000.0,148378.8460635875
2023-11-18,36585.703125,116000.0,148334.32647540708
2023-11-19,37386.546875,116000.0,151581.29477508465
2023-11-20,37476.95703125,116000.0,151947.85680583364
2023-11-21,35813.8125,116000.0,145204.74671631763
2023-11-22,37432.33984375,116000.0,151766.95935432296
2023-11-23,37289.62109375,116000.0,151188.31557141323
2023-11-24,37720.28125,116000.0,152934.3988433098
2023-11-25,37796.79296875,116000.0,153244.61057354446
2023-11-26,37479.12109375,116000.0,151956.63085487383
2023-11-27,37254.16796875,116000.0,151044.5732084373
2023-11-28,37831.0859375,116000.0,153383.64915932738
2023-11-29,37858.4921875,116000.0,153494.76599699145
2023-11-30,37712.74609375,116000.0,152903.84804800566
2023-12-01,38688.75,118000.0,158910.41387668293
2023-12-02,39476.33203125,118000.0,162145.33324078168
2023-12-03,39978.390625,118000.0,164207.49185079514
2023-12-04,41980.09765625,118000.0,172429.31583827996
2023-12-05,44080.6484375,118000.0,181057.13126311087
2023-12-06,43746.4453125,118000.0,179684.42325593487
2023-12-07,43292.6640625,118000.0,177820.55930977536
2023-12-08,44166.6015625,118000.0,181410.17566665827
2023-12-09,43725.984375,118000.0,179600.38187319622
2023-12-10,43779.69921875,118000.0,179821.01055857982
2023-12-11,41243.83203125,118000.0,169405.1738023671
2023-12-12,41450.22265625,118000.0,170252.9039471512
2023-12-13,42890.7421875,118000.0,176169.70288504357
2023-12-14,43023.97265625,118000.0,176716.9345461866
2023-12-15,41929.7578125,120000.0,174169.54159290102
2023-12-16,42240.1171875,120000.0,175458.72504858734
2023-12-17,41364.6640625,120000.0,171822.23207981884
2023-12-18,42623.5390625,120000.0,177051.39850270236
2023-12-19,42270.52734375,120000.0,175585.04399842522
2023-12-20,43652.25,120000.0,181324.5000363956
2023-12-21,43869.15234375,120000.0,182225.47785626032
2023-12-22,43997.90234375,120000.0,182760.28486803375
2023-12-23,43739.54296875,120000.0,181687.10113749086
2023-12-24,43016.1171875,120000.0,178682.1055622663
2023-12-25,43613.140625,120000.0,181162.04591619305
2023-12-26,42520.40234375,120000.0,176622.98498535246
2023-12-27,43442.85546875,120000.0,180454.70847492368
2023-12-28,42627.85546875,120000.0,177069.32816738714
2023-12-29,42099.40234375,120000.0,174874.21797986425
2023-12-30,42156.90234375,120000.0,175113.06382978248
2023-12-31,42265.1875,120000.0,175562.86313722696
2024-01-01,44167.33203125,122000.0,185551.24574916437
2024-01-02,44957.96875,122000.0,188872.7872902132
2024-01-03,42848.17578125,122000.0,180009.342395072
2024-01-04,44179.921875,122000.0,185604.13690387452
2024-01-05,44162.69140625,122000.0,185531.750033435
2024-01-06,43989.1953125,122000.0,184802.87611582666
2024-01-07,43943.09765625,122000.0,184609.21539080818
2024-01-08,46970.50390625,122000.0,197327.64268179453
2024-01-09,46139.73046875,122000.0,193837.48289232902
2024-01-10,46627.77734375,122000.0,195887.8151509351
2024-01-11,46368.5859375,122000.0,194798.92691373892
2024-01-12,42853.16796875,122000.0,180030.31505896265
2024-01-13,42842.3828125,122000.0,179985.00557148055
2024-01-14,41796.26953125,122000.0,175590.1822121401
2024-01-15,42511.96875,124000.0,180633.07277197286
2024-01-16,43154.9453125,124000.0,183365.07591414056
2024-01-17,42742.65234375,124000.0,181613.2458291697
2024-01-18,41262.05859375,124000.0,175322.21282238903
2024-01-19,41618.40625,124000.0,176836.33164624445
2024-01-20,41665.5859375,124000.0,177036.79782497315
2024-01-21,41545.78515625,124000.0,176527.76510139057
2024-01-22,39507.3671875,124000.0,167866.54069528927
2024-01-23,39845.55078125,124000.0,169303.48053826304
2024-01-24,40077.07421875,124000.0,170287.22208597374
2024-01-25,39933.80859375,124000.0,169678.48739719632
2024-01-26,41816.87109375,124000.0,177679.60744875058
2024-01-27,42120.0546875,124000.0,178967.8325242621
2024-01-28,42035.59375,124000.0,178608.95856197763
2024-01-29,43288.24609375,124000.0,183931.47004803002
2024-01-30,42952.609375,124000.0,182505.35186000998
2024-01-31,42582.60546875,124000.0,180933.2077206358
2024-02-01,43075.7734375,126000.0,185050.42466343645
2024-02-02,43185.859375,126000.0,185523.34593351893
2024-02-03,42992.25,126000.0,184691.61398297007
2024-02-04,42583.58203125,126000.0,182936.00578075735
2024-02-05,42658.66796875,126000.0,183258.56956805158
2024-02-06,43084.671875,126000.0,185088.65171095784
2024-02-07,44318.22265625,126000.0,190387.8971498222
2024-02-08,45301.56640625,126000.0,194612.27117741012
2024-02-09,47147.19921875,126000.0,202540.97700137962
2024-02-10,47771.27734375,126000.0,205221.9717424717
2024-02-11,48293.91796875,126000.0,207467.19827898277
2024-02-12,49958.22265625,126000.0,214616.93151913182
2024-02-13,49742.44140625,126000.0,213689.95078819164
2024-02-14,51826.6953125,126000.0,222643.7556692021
2024-02-15,51938.5546875,128000.0,225126.2181098483
2024-02-16,52160.203125,128000.0,226086.94708631982
2024-02-17,51662.99609375,128000.0,223931.81706322974
2024-02-18,52122.546875,128000.0,225923.72711992482
2024-02-19,51779.14453125,128000.0,224435.2592292867
2024-02-20,52284.875,128000.0,226627.33385472884
2024-02-21,51839.1796875,128000.0,224695.4799412706
2024-02-22,51304.97265625,128000.0,222379.97444912518
2024-02-23,50731.94921875,128000.0,219896.22032564497
2024-02-24,51571.1015625,128000.0,223533.50277801784
2024-02-25,51733.23828125,128000.0,224236.27986776448
2024-02-26,54522.40234375,128000.0,236325.83378116295
2024-02-27,57085.37109375,128000.0,247434.95041509363
2024-02-28,62504.7890625,128000.0,270925.2665973973
2024-02-29,61198.3828125,128000.0,265262.6851076518
2024-03-01,62440.6328125,130000.0,272686.75048935297
2024-03-02,62029.84765625,130000.0,270892.795746078
2024-03-03,63167.37109375,130000.0,275860.51557538856
2024-03-04,68330.4140625,130000.0,298408.22763995134
2024-03-05,63801.19921875,130000.0,278628.5293508737
2024-03-06,66106.8046875,130000.0,288697.4225517456
2024-03-07,66925.484375,130000.0,292272.7082850978
2024-03-08,68300.09375,130000.0,298275.814704383
2024-03-09,68498.8828125,130000.0,299143.9536236141
2024-03-10,69019.7890625,130000.0,301418.82218634366
2024-03-11,72123.90625,130000.0,314974.92485332483
2024-03-12,71481.2890625,130000.0,312168.5280444683
2024-03-13,73083.5,130000.0,319165.601495939
2024-03-14,71396.59375,130000.0,311798.65207577567
2024-03-15,69403.7734375,132000.0,305038.20333887247
2024-03-16,65315.1171875,132000.0,287068.05136012763
2024-03-17,68390.625,132000.0,300585.2901356892
2024-03-18,67548.59375,132000.0,296884.458222184
2024-03-19,61912.7734375,132000.0,272114.3280503158
2024-03-20,67913.671875,132000.0,298489.02191969834
2024-03-21,65491.390625,132000.0,287842.7950088975
2024-03-22,63778.76171875,132000.0,280315.5782788278
2024-03-23,64062.203125,132000.0,281561.33845917595
2024-03-24,67234.171875,132000.0,295502.5350342926
2024-03-25,69958.8125,132000.0,307477.6689474731
2024-03-26,69987.8359375,132000.0,307605.23055963375
2024-03-27,69455.34375,132000.0,305264.8612666981
2024-03-28,70744.953125,132000.0,310932.8546231864
2024-03-29,69892.828125,132000.0,307187.65942491364
2024-03-30,69645.3046875,132000.0,306099.7631777844
2024-03-31,71333.6484375,132000.0,313520.24363022257
2024-04-01,69702.1484375,134000.0,308301.905962687
2024-04-02,65446.97265625,134000.0,289480.6955269432
2024-04-03,65980.8125,134000.0,291841.9404095816
2024-04-04,68508.84375,134000.0,303023.76005474065
2024-04-05,67837.640625,134000.0,300054.9390447088
2024-04-06,68896.109375,134000.0,304736.6876040025
2024-04-07,69362.5546875,134000.0,306799.8374795054
2024-04-08,71631.359375,134000.0,316835.06343872426
2024-04-09,69139.015625,134000.0,305811.09436941805
2024-04-10,70587.8828125,134000.0,312219.6273258101
2024-04-11,70060.609375,134000.0,309887.42653445987
2024-04-12,67195.8671875,134000.0,297216.2894705871
2024-04-13,63821.47265625,134000.0,282290.892064978
2024-04-14,65738.7265625,134000.0,290771.16199584387
2024-04-15,63426.2109375,136000.0,282470.2853043739
2024-04-16,63811.86328125,136000.0,284187.7980795688
2024-04-17,61276.69140625,136000.0,272897.3439874502
2024-04-18,63512.75390625,136000.0,282855.7066737505
2024-04-19,63843.5703125,136000.0,284329.0061705293
2024-04-20,64994.44140625,136000.0,289454.4406146656
2024-04-21,64926.64453125,136000.0,289152.50546292105
2024-04-22,66837.6796875,136000.0,297663.3503933325
2024-04-23,66407.2734375,136000.0,295746.5249289501
2024-04-24,64276.8984375,136000.0,286258.8442814606
2024-04-25,64481.70703125,136000.0,287170.9646975195
2024-04-26,63755.3203125,136000.0,283935.98249294155
2024-04-27,63419.140625,136000.0,282438.797483179
2024-04-28,63113.23046875,136000.0,281076.4186206203
2024-04-29,63841.12109375,136000.0,284318.098510922
2024-04-30,60636.85546875,136000.0,270047.8179454214
2024-05-01,58254.01171875,138000.0,261356.11228065874
2024-05-02,59123.43359375,138000.0,265256.7658919297
2024-05-03,62889.8359375,138000.0,282154.6969494473
2024-05-04,63891.47265625,138000.0,286648.5312967528
2024-05-05,64031.1328125,138000.0,287275.1153619711
2024-05-06,63161.94921875,138000.0,283375.5307974369
2024-05-07,62334.81640625,138000.0,279664.6066939011
2024-05-08,61187.94140625,138000.0,274519.162072524
2024-05-09,63049.9609375,138000.0,282873.09635653003
2024-05-10,60792.77734375,138000.0,272746.2619744731
2024-05-11,60793.7109375,138000.0,272750.4505346383
2024-05-12,61448.39453125,138000.0,275687.6827318392
2024-05-13,62901.44921875,138000.0,282206.79983384564
2024-05-14,61552.7890625,138000.0,276156.04788002145
2024-05-15,66267.4921875,140000.0,299459.51915482763
2024-05-16,65231.58203125,140000.0,294778.29240188975
2024-05-17,67051.875,140000.0,303004.106283611
2024-05-18,66940.8046875,140000.0,302502.1850357159
2024-05-19,66278.3671875,140000.0,299508.66274187627
2024-05-20,71448.1953125,140000.0,322870.8603039206
2024-05-21,70136.53125,140000.0,316943.51528930105
2024-05-22,69122.3359375,140000.0,312360.4168411057
2024-05-23,67929.5625,140000.0,306970.33267972287
2024-05-24,68526.1015625,140000.0,309666.06319428456
2024-05-25,69265.9453125,140000.0,313009.3805028351
2024-05-26,68518.09375,140000.0,309629.8762857179
2024-05-27,69394.5546875,140000.0,313590.55990656646
2024-05-28,68296.21875,140000.0,308627.23413616314
2024-05-29,67578.09375,140000.0,305382.06278450566
2024-05-30,68364.9921875,140000.0,308938.01789822406
2024-05-31,67491.4140625,140000.0,304990.36156445957
2024-06-01,67706.9375,142000.0,307968.73522017227
2024-06-02,67751.6015625,142000.0,308171.892169014
2024-06-03,68804.78125,142000.0,312962.33799768484
2024-06-04,70567.765625,142000.0,320981.3695508647
2024-06-05,71082.8203125,142000.0,323324.12417152076
2024-06-06,70757.1640625,142000.0,321842.85877786676
2024-06-07,69342.5859375,142000.0,315408.5722466472
2024-06-08,69305.7734375,142000.0,315241.12856238236
2024-06-09,69647.9921875,142000.0,316797.7293997209
2024-06-10,69512.28125,142000.0,316180.440724134
2024-06-11,67332.03125,142000.0,306263.4534883167
2024-06-12,68241.1875,142000.0,310398.8007772118
2024-06-13,66756.3984375,142000.0,303645.1559288257
2024-06-14,66011.09375,142000.0,300255.09649860795
2024-06-15,66191.0,144000.0,303076.9874045862
2024-06-16,66639.046875,144000.0,305128.51551401254
2024-06-17,66490.296875,144000.0,304447.41533609666
2024-06-18,65140.74609375,144000.0,298268.0588506114
2024-06-19,64960.296875,144000.0,297441.8135061044
2024-06-20,64828.65625,144000.0,296839.0541574761
2024-06-21,64096.19921875,144000.0,293485.26179243316
2024-06-22,64252.578125,144000.0,294201.293394915
2024-06-23,63180.796875,144000.0,289293.79490710364
2024-06-24,60277.4140625,144000.0,275999.71389768005
2024-06-25,61804.640625,144000.0,282992.61664347275
2024-06-26,60811.27734375,144000.0,278444.1802898962
2024-06-27,61604.80078125,144000.0,282077.58502577315
2024-06-28,60320.13671875,144000.0,276195.333452456
2024-06-29,60887.37890625,144000.0,278792.63600591925
2024-06-30,62678.29296875,144000.0,286992.91759651323
2024-07-01,62851.98046875,146000.0,289791.8887127102
2024-07-02,62029.015625,146000.0,285997.4412722982
2024-07-03,60173.921875,146000.0,277444.15277538385
2024-07-04,56977.703125,146000.0,262707.3336426597
2024-07-05,56662.375,146000.0,261253.4489404359
2024-07-06,58303.5390625,146000.0,268820.37093417905
2024-07-07,55849.109375,146000.0,257503.72172840234
2024-07-08,56705.09765625,146000.0,261450.4304699466
2024-07-09,58009.2265625,146000.0,267463.383061869
2024-07-10,57742.49609375,146000.0,266233.5677761801
2024-07-11,57344.9140625,146000.0,264400.43464505376
2024-07-12,57899.46484375,146000.0,266957.30424704583
2024-07-13,59231.953125,146000.0,273101.0135276624
2024-07-14,60787.79296875,146000.0,280274.5307898428
2024-07-15,64870.15234375,148000.0,301228.2930925794
2024-07-16,65097.1484375,148000.0,302282.36254345195
2024-07-17,64118.79296875,148000.0,297739.312508242
2024-07-18,63974.06640625,148000.0,297067.26636973413
2024-07-19,66710.15625,148000.0,309772.4573335744
2024-07-20,67163.6484375,148000.0,311878.27445648744
2024-07-21,68154.5234375,148000.0,316479.45965698536
2024-07-22,67585.25,148000.0,313836.0056232661
2024-07-23,65927.671875,148000.0,306138.94601693924
2024-07-24,65372.1328125,148000.0,303559.26834551396
2024-07-25,65777.2265625,148000.0,305440.3445330394
2024-07-26,67912.0625,148000.0,315353.5783123921
2024-07-27,67813.3359375,148000.0,314895.13582643674
2024-07-28,68255.8671875,148000.0,316950.055204015
2024-07-29,66819.9140625,148000.0,310282.1240650128
2024-07-30,66201.015625,148000.0,307408.2334822084
2024-07-31,64619.25,148000.0,300063.21359129745
2024-08-01,65357.5,150000.0,305511.94035401306
2024-08-02,61415.06640625,150000.0,287083.1366674674
2024-08-03,60680.09375,150000.0,283647.5260287789
2024-08-04,58116.9765625,150000.0,271666.30114551616
2024-08-05,53991.45703125,150000.0,252381.66698783624
2024-08-06,56034.31640625,150000.0,261930.96020631364
2024-08-07,55027.4609375,150000.0,257224.44040500757
2024-08-08,61710.13671875,150000.0,288462.43519805284
2024-08-09,60880.11328125,150000.0,284582.51214515255
2024-08-10,60945.8125,150000.0,284889.62144094956
2024-08-11,58719.484375,150000.0,274482.70830422523
2024-08-12,59354.515625,150000.0,277451.14542885416
2024-08-13,60609.56640625,150000.0,283317.84778776485
2024-08-14,58737.26953125,150000.0,274565.84455630707
2024-08-15,57560.09765625,152000.0,271021.2761940086
2024-08-16,58894.10546875,152000.0,277302.44169785606
2024-08-17,59478.97265625,152000.0,280056.2843425799
2024-08-18,58483.96484375,152000.0,275371.29772603133
2024-08-19,59493.453125,152000.0,280124.4655180871
2024-08-20,59012.79296875,152000.0,277861.28087687166
2024-08-21,61175.19140625,152000.0,288042.9172540564
2024-08-22,60381.9140625,152000.0,284307.77699486376
2024-08-23,64094.35546875,152000.0,301787.7787440982
2024-08-24,64178.9921875,152000.0,302186.29008203035
2024-08-25,64333.54296875,152000.0,302913.9912444103
2024-08-26,62880.66015625,152000.0,296073.1037192423
2024-08-27,59504.1328125,152000.0,280174.7507443716
2024-08-28,59027.625,152000.0,277931.1173817006
2024-08-29,59388.1796875,152000.0,279628.78634896944
2024-08-30,59119.4765625,152000.0,278363.5997558242
2024-08-31,58969.8984375,152000.0,277659.31230707275
2024-09-01,57325.48828125,154000.0,271858.90757625597
2024-09-02,59112.48046875,154000.0,280333.4929397086
2024-09-03,57431.0234375,154000.0,272359.394761786
2024-09-04,57971.5390625,154000.0,274922.7220311406
2024-09-05,56160.48828125,154000.0,266334.04181719833
2024-09-06,53948.75390625,154000.0,255845.17012915693
2024-09-07,54139.6875,154000.0,256750.64864792363
2024-09-08,54841.56640625,154000.0,260079.22095362787
2024-09-09,57019.53515625,154000.0,270407.9634181537
2024-09-10,57648.7109375,154000.0,273391.7503110777
2024-09-11,57343.171875,154000.0,271942.7697922272
2024-09-12,58127.01171875,154000.0,275660.0315203984
2024-09-13,60571.30078125,154000.0,287251.76452181075
2024-09-14,60005.12109375,154000.0,284566.728668641
2024-09-15,59182.8359375,156000.0,282637.90946042055
2024-09-16,58192.5078125,156000.0,277908.42554002424
2024-09-17,60308.5390625,156000.0,288013.9001996792
2024-09-18,61649.6796875,156000.0,294418.7501285123
2024-09-19,62940.45703125,156000.0,300583.0814627128
2024-09-20,63192.9765625,156000.0,301789.03233140375
2024-09-21,63394.83984375,156000.0,302753.0654823257
2024-09-22,63648.7109375,156000.0,303965.4709724192
2024-09-23,63329.80078125,156000.0,302442.46014604747
2024-09-24,64301.96875,156000.0,307085.21708696283
2024-09-25,63143.14453125,156000.0,301551.0508133917
2024-09-26,65181.01953125,156000.0,311283.2767302085
2024-09-27,65790.6640625,156000.0,314194.7400471818
2024-09-28,65887.6484375,156000.0,314657.90577025176
2024-09-29,65635.3046875,156000.0,313452.7943754426
2024-09-30,63329.5,156000.0,302441.02371296077
2024-10-01,60837.0078125,158000.0,292456.8731250051
2024-10-02,60632.78515625,158000.0,291475.1299128433
2024-10-03,60759.40234375,158000.0,292083.806573179
2024-10-04,62067.4765625,158000.0,298372.00695624354
2024-10-05,62089.94921875,158000.0,298480.0379560248
2024-10-06,62818.953125,158000.0,301984.5200235006
2024-10-07,62236.66015625,158000.0,299185.30969073484
2024-10-08,62131.96875,158000.0,298682.03508181096
2024-10-09,60582.1015625,158000.0,291231.4827336042
2024-10-10,60274.5,158000.0,289752.77438860515
2024-10-11,62445.08984375,158000.0,300187.2770271387
2024-10-12,63193.0234375,158000.0,303782.75826460234
2024-10-13,62851.375,158000.0,302140.3791054031
2024-10-14,66046.125,158000.0,317498.2448028041
2024-10-15,67041.109375,160000.0,324309.32306322723
2024-10-16,67612.71875,160000.0,327074.46599106747
2024-10-17,67399.8359375,160000.0,326044.65187466476
2024-10-18,68418.7890625,160000.0,330973.80655725626
2024-10-19,68362.734375,160000.0,330702.6437151267
2024-10-20,69001.703125,160000.0,333793.63556628977
2024-10-21,67367.8515625,160000.0,325889.9284355458
2024-10-22,67361.40625,160000.0,325858.74943279225
2024-10-23,66432.1953125,160000.0,321363.7198467224
2024-10-24,68161.0546875,160000.0,329727.0243744193
2024-10-25,66642.4140625,160000.0,322380.6466419869
2024-10-26,67014.6953125,160000.0,324181.5458410335
2024-10-27,67929.296875,160000.0,328605.9030208619
2024-10-28,69907.7578125,160000.0,338176.6474988304
2024-10-29,72720.4921875,160000.0,351783.1643004913
2024-10-30,72339.5390625,160000.0,349940.31517046713
2024-10-31,70215.1875,160000.0,339663.8292410801
2024-11-01,69482.46875,162000.0,338096.42665432143
2024-11-02,69289.2734375,162000.0,337156.35290654434
2024-11-03,68741.1171875,162000.0,334489.0661404386
2024-11-04,67811.5078125,162000.0,329965.65737955086
2024-11-05,69359.5625,162000.0,337498.3741572521
2024-11-06,75639.078125,162000.0,368054.02124531666
2024-11-07,75904.859375,162000.0,369347.2926634644
2024-11-08,76545.4765625,162000.0,372464.48734355543
2024-11-09,76778.8671875,162000.0,373600.1484354351
2024-11-10,80474.1875,162000.0,391581.2969967314
2024-11-11,88701.484375,162000.0,431614.7000191559
2024-11-12,87955.8125,162000.0,427986.3171920974
2024-11-13,90584.1640625,162000.0,440775.6766846321
2024-11-14,87250.4296875,162000.0,424553.97788953595
2024-11-15,91066.0078125,164000.0,445204.860719346
2024-11-16,90558.4765625,164000.0,442723.6343551444
2024-11-17,89845.8515625,164000.0,439239.7425991408
2024-11-18,90542.640625,164000.0,442646.2153870969
2024-11-19,92343.7890625,164000.0,451451.69680122763
2024-11-20,94339.4921875,164000.0,461208.32008081797
2024-11-21,98504.7265625,164000.0,481571.3801767802
2024-11-22,98997.6640625,164000.0,483981.260397759
2024-11-23,97777.28125,164000.0,478015.034655416
2024-11-24,98013.8203125,164000.0,479171.43036117504
2024-11-25,93102.296875,164000.0,455159.90113707475
2024-11-26,91985.3203125,164000.0,449699.2094159831
2024-11-27,95962.53125,164000.0,469143.05771914875
2024-11-28,95652.46875,164000.0,467627.2195327311
2024-11-29,97461.5234375,164000.0,476471.3531400854
2024-11-30,96449.0546875,164000.0,471521.5807754669
2024-12-01,97279.7890625,166000.0,477597.8399986781
2024-12-02,95865.3046875,166000.0,470653.3894738332
2024-12-03,96002.1640625,166000.0,471325.3043958688
2024-12-04,98768.53125,166000.0,484906.86132692226
2024-12-05,96593.5703125,166000.0,474228.8298895378
2024-12-06,99920.7109375,166000.0,490563.5196661669
2024-12-07,99923.3359375,166000.0,490576.4071769446
2024-12-08,101236.015625,166000.0,497021.044746598
2024-12-09,97432.71875,166000.0,478348.6525685403
2024-12-10,96675.4296875,166000.0,474630.7207762309
2024-12-11,101173.03125,166000.0,496711.8211993066
2024-12-12,100043.0,166000.0,491163.90123224887
2024-12-13,101459.2578125,166000.0,498117.0584980061
2024-12-14,101372.96875,166000.0,497693.41993687564
2024-12-15,104298.6953125,168000.0,514113.0090654657
2024-12-16,106029.71875,168000.0,522645.63419130765
2024-12-17,106140.6015625,168000.0,523192.2018757568
2024-12-18,100041.5390625,168000.0,493128.47610278876
2024-12-19,97490.953125,168000.0,480556.0330124961
2024-12-20,97755.9296875,168000.0,481862.1653420571
2024-12-21,97224.7265625,168000.0,479243.7391364323
2024-12-22,95104.9375,168000.0,468794.7960289405
2024-12-23,94686.2421875,168000.0,466730.9475182182
2024-12-24,98676.09375,168000.0,486397.8722709729
2024-12-25,99299.1953125,168000.0,489469.2876735381
2024-12-26,95795.515625,168000.0,472198.8194136509
2024-12-27,94164.859375,168000.0,464160.9279623047
2024-12-28,95163.9296875,168000.0,469085.5825141991
2024-12-29,93530.2265625,168000.0,461032.6722932527
2024-12-30,92643.2109375,168000.0,456660.3618756536
2024-12-31,93429.203125,168000.0,460534.7038068431
2025-01-01,94419.7578125,170000.0,467436.6546564993
2025-01-02,96886.875,170000.0,479650.4225318695
2025-01-03,98107.4296875,170000.0,485692.92902805516
2025-01-04,98236.2265625,170000.0,486330.55384064757
2025-01-05,98314.9609375,170000.0,486720.33807340905
2025-01-06,102078.0859375,170000.0,505350.15244496596
2025-01-07,96922.703125,170000.0,479827.79408291576
2025-01-08,95043.5234375,170000.0,470524.68330426095
2025-01-09,92484.0390625,170000.0,457853.640276684
2025-01-10,94701.453125,170000.0,468831.22203898395
2025-01-11,94566.59375,170000.0,468163.58407252945
2025-01-12,94488.4375,170000.0,467776.6619188734
2025-01-13,94516.5234375,170000.0,467915.7048159539
2025-01-14,96534.046875,170000.0,477903.7033891851
2025-01-15,100504.4921875,172000.0,499640.0602732557
2025-01-16,99756.90625,172000.0,495923.5708433594
2025-01-17,104462.0390625,172000.0,519314.2948882649
2025-01-18,104408.0703125,172000.0,519045.9989254082
2025-01-19,101089.609375,172000.0,502548.86544670025
2025-01-20,102016.6640625,172000.0,507157.5515845793
2025-01-21,106146.265625,172000.0,527687.1252253548
2025-01-22,103653.0703125,172000.0,515292.65181329544
2025-01-23,103960.171875,172000.0,516819.35216128844
2025-01-24,104819.484375,172000.0,521091.2701616558
2025-01-25,104714.6484375,172000.0,520570.0970977336
2025-01-26,102682.5,172000.0,510467.63554902497
2025-01-27,102087.6875,172000.0,507510.6318680667
2025-01-28,101332.4765625,172000.0,503756.2361179984
2025-01-29,103703.2109375,172000.0,515541.9169391806
2025-01-30,104735.3046875,172000.0,520672.7859404946
2025-01-31,102405.0234375,172000.0,509088.2105761265
2025-02-01,100655.90625,174000.0,502356.70422552625
2025-02-02,97688.9765625,174000.0,487549.25700251374
2025-02-03,101405.421875,174000.0,506097.4106894407
2025-02-04,97871.8203125,174000.0,488461.79941617104
2025-02-05,96615.4453125,174000.0,482191.4430328729
2025-02-06,96593.296875,174000.0,482080.9039052572
2025-02-07,96529.0859375,174000.0,481760.43791235646
2025-02-08,96482.453125,174000.0,481527.7013858174
2025-02-09,96500.09375,174000.0,481615.74277917057
2025-02-10,97437.5546875,174000.0,486294.4526974241
2025-02-11,95747.4296875,174000.0,477859.32299305894
2025-02-12,97885.859375,174000.0,488531.8660166386
2025-02-13,96623.8671875,174000.0,482233.47519497864
2025-02-14,97508.96875,174000.0,486650.8682760962
2025-02-15,97580.3515625,176000.0,489006.6025702524
2025-02-16,96175.03125,176000.0,481964.0893948573
2025-02-17,95773.3828125,176000.0,479951.2995790333
2025-02-18,95539.546875,176000.0,478779.4723051536
2025-02-19,96635.609375,176000.0,484272.19487427
2025-02-20,98333.9375,176000.0,492783.0646667797
2025-02-21,96125.546875,176000.0,481716.10723747016
2025-02-22,96577.7578125,176000.0,483982.2820426547
2025-02-23,96273.921875,176000.0,482459.66220006824
2025-02-24,91418.171875,176000.0,458125.9334072421
2025-02-25,88736.171875,176000.0,444685.56670336326
2025-02-26,84347.0234375,176000.0,422690.1287772794
2025-02-27,84704.2265625,176000.0,424480.18880254845
2025-02-28,84373.0078125,176000.0,422820.3448580293
2025-03-01,86031.9140625,178000.0,433170.92200204666
2025-03-02,94248.3515625,178000.0,474540.70722920756
2025-03-03,86065.671875,178000.0,433340.89268007636
2025-03-04,87222.1953125,178000.0,439163.9913429157
2025-03-05,90623.5625,178000.0,456289.88441099867
2025-03-06,89961.7265625,178000.0,452957.53866018006
2025-03-07,86742.671875,178000.0,436749.58952695044
2025-03-08,86154.59375,178000.0,433788.6145632826
2025-03-09,80601.0390625,178000.0,405826.4515614746
2025-03-10,78532.0,178000.0,395408.8342373933
2025-03-11,82862.2109375,178000.0,417211.4581206369
2025-03-12,83722.359375,178000.0,421542.30784995726
2025-03-13,81066.703125,178000.0,408171.0713865061
2025-03-14,83969.1015625,178000.0,422784.65543713904
2025-03-15,84343.109375,180000.0,426674.70172827947
2025-03-16,82579.6875,180000.0,417753.9077462667
2025-03-17,84075.6875,180000.0,425321.8686445011
2025-03-18,82718.5,180000.0,418456.13205922535
2025-03-19,86854.2265625,180000.0,439377.93480707915
2025-03-20,84167.1953125,180000.0,425784.7881277116
2025-03-21,84043.2421875,180000.0,425157.7343822477
2025-03-22,83832.484375,180000.0,424091.5533100569
2025-03-23,86054.375,180000.0,435331.6478088227
2025-03-24,87498.9140625,180000.0,442639.278250649
2025-03-25,87471.703125,180000.0,442501.6236309937
2025-03-26,86900.8828125,180000.0,439613.95932289347
2025-03-27,87177.1015625,180000.0,441011.2940149785
2025-03-28,84353.1484375,180000.0,426725.4873114713
2025-03-29,82597.5859375,180000.0,417844.4523152102
2025-03-30,82334.5234375,180000.0,416513.67242631194
2025-03-31,82548.9140625,180000.0,417598.2311609029
2025-04-01,85169.171875,182000.0,432914.92971849657
2025-04-02,82485.7109375,182000.0,419274.8968570153
2025-04-03,83102.828125,182000.0,422411.70373176975
2025-04-04,83843.8046875,182000.0,426178.08785193635
2025-04-05,83504.796875,182000.0,424454.91102525714
2025-04-06,78214.484375,182000.0,397564.2507815751
2025-04-07,79235.3359375,182000.0,402753.2396222947
2025-04-08,76271.953125,182000.0,387690.3637746195
2025-04-09,82573.953125,182000.0,419723.4319262049
2025-04-10,79626.140625,182000.0,404739.69998228305
2025-04-11,83404.8359375,182000.0,423946.8095458167
2025-04-12,85287.109375,182000.0,433514.40607126197
2025-04-13,83684.9765625,182000.0,425370.7644383353
2025-04-14,84542.390625,182000.0,429729.0004107552
2025-04-15,83668.9921875,184000.0,427266.93777202733
2025-04-16,84033.8671875,184000.0,429130.2209291879
2025-04-17,84895.75,184000.0,433531.54118400783
2025-04-18,84450.8046875,184000.0,431259.36822987616
2025-04-19,85063.4140625,184000.0,434387.74022126
2025-04-20,85174.3046875,184000.0,434954.0180803885
2025-04-21,87518.90625,184000.0,446927.0406269006
2025-04-22,93441.890625,184000.0,477173.55525811063
2025-04-23,93699.109375,184000.0,478487.07732616377
2025-04-24,93943.796875,184000.0,479736.6068842802
2025-04-25,94720.5,184000.0,483702.9456329653
2025-04-26,94646.9296875,184000.0,483327.2489583554
2025-04-27,93754.84375,184000.0,478771.69239217916
2025-04-28,94978.75,184000.0,485021.7339175469
2025-04-29,94284.7890625,184000.0,481477.9292541112
2025-04-30,94207.3125,184000.0,481082.2847896208
2025-05-01,96492.3359375,186000.0,494797.4051791634
2025-05-02,96910.0703125,186000.0,496939.480845546
2025-05-03,95891.796875,186000.0,491717.93604882545
2025-05-04,94315.9765625,186000.0,483637.37924524
2025-05-05,94748.0546875,186000.0,485853.0073882166
2025-05-06,96802.4765625,186000.0,496387.7571485679
2025-05-07,97032.3203125,186000.0,497566.35946958855
2025-05-08,103241.4609375,186000.0,529405.8484797054
2025-05-09,102970.8515625,186000.0,528018.2064948136
2025-05-10,104696.328125,186000.0,536866.1768287007
2025-05-11,104106.359375,186000.0,533840.9105855259
2025-05-12,102812.953125,186000.0,527208.5283333537
2025-05-13,104169.8125,186000.0,534166.2881535521
2025-05-14,103539.4140625,186000.0,530933.704880762
2025-05-15,103744.640625,188000.0,533988.0457521152
2025-05-16,103489.2890625,188000.0,532673.7158646369
2025-05-17,103191.0859375,188000.0,531138.8230451465
2025-05-18,106446.0078125,188000.0,547892.3571133751
2025-05-19,105606.1796875,188000.0,543569.6453420997
2025-05-20,106791.0859375,188000.0,549668.5220553947
2025-05-21,109678.078125,188000.0,564528.2710218705
2025-05-22,111673.28125,188000.0,574797.8580692473
2025-05-23,107287.796875,188000.0,552225.1621017762
2025-05-24,107791.15625,188000.0,554816.0225775363
2025-05-25,109035.390625,188000.0,561220.2693739125
2025-05-26,109440.3671875,188000.0,563304.7398765042
2025-05-27,108994.640625,188000.0,561010.5234753938
2025-05-28,107802.328125,188000.0,554873.5257667392
2025-05-29,105641.7578125,188000.0,543752.7708830995
2025-05-30,103998.5703125,188000.0,535295.0570518767
2025-05-31,104638.09375,188000.0,538586.772831564
2025-06-01,105652.1015625,190000.0,545823.3888166456
2025-06-02,105881.53125,190000.0,547008.6760724065
2025-06-03,105432.46875,190000.0,544688.7145012164
2025-06-04,104731.984375,190000.0,541069.8489062956
2025-06-05,101575.953125,190000.0,524765.0556593086
2025-06-06,104390.34375,190000.0,539304.8537861122
2025-06-07,105615.625,190000.0,545634.9423904819
2025-06-08,105793.6484375,190000.0,546554.6529736884
2025-06-09,110294.1015625,190000.0,569805.0430707071
2025-06-10,110257.234375,190000.0,569614.5785847215
2025-06-11,108686.625,190000.0,561500.4443754503
2025-06-12,105929.0546875,190000.0,547254.1932303319
2025-06-13,106090.96875,190000.0,548090.6790264855
2025-06-14,105472.40625,190000.0,544895.0409374016
2025-06-15,105552.0234375,192000.0,547306.0134834596
2025-06-16,106796.7578125,192000.0,553760.182588332
2025-06-17,104601.1171875,192000.0,542375.3954627434
2025-06-18,104883.328125,192000.0,543838.7093636465
2025-06-19,104684.2890625,192000.0,542806.656426368
2025-06-20,103309.6015625,192000.0,535678.6572567828
2025-06-21,102257.40625,192000.0,530222.8374331926
2025-06-22,100987.140625,192000.0,523636.28425645054
2025-06-23,105577.7734375,192000.0,547439.5318129831
2025-06-24,106045.6328125,192000.0,549865.4658790764
2025-06-25,107361.2578125,192000.0,556687.2154821575
2025-06-26,106960.0,192000.0,554606.6223624197
2025-06-27,107088.4296875,192000.0,555272.5531327585
2025-06-28,107327.703125,192000.0,556513.2284599175
2025-06-29,108385.5703125,192000.0,561998.4579641004
2025-06-30,107135.3359375,192000.0,555515.7703810774
2025-07-01,105698.28125,194000.0,550035.419734631
2025-07-02,108859.3203125,194000.0,566484.9156675627
2025-07-03,109647.9765625,194000.0,570588.9452351683
2025-07-04,108034.3359375,194000.0,562191.8408738074
2025-07-05,108231.1796875,194000.0,563216.1814153277
2025-07-06,109232.0703125,194000.0,568424.6416525213
2025-07-07,108299.8515625,194000.0,563573.5378750818
2025-07-08,108950.2734375,194000.0,566958.219866022
2025-07-09,111326.5546875,194000.0,579323.9730201329
2025-07-10,115987.203125,194000.0,603577.174578752
2025-07-11,117516.9921875,194000.0,611537.9300342494
2025-07-12,117435.2265625,194000.0,611112.4359833067
2025-07-13,119116.1171875,194000.0,619859.497614925
2025-07-14,119849.703125,194000.0,623676.9508816425
2025-07-15,117777.1875,196000.0,614855.3224384598
2025-07-16,118738.5078125,196000.0,619873.8911719748
2025-07-17,119289.84375,196000.0,622752.1381637658
2025-07-18,118003.2265625,196000.0,616035.3584336063
2025-07-19,117939.9765625,196000.0,615705.1620690156
2025-07-20,117300.7890625,196000.0,612368.2863568907
2025-07-21,117439.5390625,196000.0,613092.6301606373
2025-07-22,119995.4140625,196000.0,626435.5650752395
2025-07-23,118754.9609375,196000.0,619959.7846432974
2025-07-24,118368.0,196000.0,617939.6566622515
2025-07-25,117635.8828125,196000.0,614117.6418991374
2025-07-26,117947.3671875,196000.0,615743.7447963998
2025-07-27,119448.4921875,196000.0,623580.3616785565
2025-07-28,117924.4765625,196000.0,615624.2443828313
2025-07-29,117922.1484375,196000.0,615612.090415854
2025-07-30,117831.1875,196000.0,615137.2292161342
2025-07-31,115758.203125,196000.0,604315.2228212157
2025-08-01,113320.0859375,198000.0,593543.2852100345
2025-08-02,112526.9140625,198000.0,589388.8421867265
2025-08-03,114217.671875,198000.0,598244.6239153008
2025-08-04,115071.8828125,198000.0,602718.7748296031
2025-08-05,114141.4453125,198000.0,597845.367561476
2025-08-06,115028.0,198000.0,602488.9272392134
2025-08-07,117496.8984375,198000.0,615420.4219280886
2025-08-08,116688.7265625,198000.0,611187.4125217384
2025-08-09,116500.359375,198000.0,610200.7906146902
2025-08-10,119306.7578125,198000.0,624900.0289220168
2025-08-11,118731.4453125,198000.0,621886.6807724158
2025-08-12,120172.90625,198000.0,629436.7055828238
2025-08-13,123344.0625,198000.0,646046.4573577866
2025-08-14,118359.578125,198000.0,619938.930112817
2025-08-15,117398.3515625,200000.0,616885.9270639644
2025-08-16,117491.3515625,200000.0,617374.6084675224
2025-08-17,117453.0625,200000.0,617173.4132760878
2025-08-18,116252.3125,200000.0,610863.9057995053
2025-08-19,112831.1796875,200000.0,592887.0887611122
2025-08-20,114274.7421875,200000.0,600472.4882086776
2025-08-21,112419.03125,200000.0,590721.397611524
2025-08-22,116874.0859375,200000.0,614131.1005966293
2025-08-23,115374.328125,200000.0,606250.4150825491
2025-08-24,113458.4296875,200000.0,596183.0609157542
2025-08-25,110124.3515625,200000.0,578663.684811488
2025-08-26,111802.65625,200000.0,587482.5696532658
2025-08-27,111222.0625,200000.0,584431.7592377071
2025-08-28,112544.8046875,200000.0,591382.2915896724
2025-08-29,108410.8359375,200000.0,569659.7792131716
2025-08-30,108808.0703125,200000.0,571747.1023520582
2025-08-31,108236.7109375,200000.0,568744.8152411875
2025-09-01,109250.59375,202000.0,576089.2673076636
2025-09-02,111200.5859375,202000.0,586371.7704226872
2025-09-03,111723.2109375,202000.0,589127.624125557
2025-09-04,110723.6015625,202000.0,583856.5842833811
2025-09-05,110650.984375,202000.0,583473.6666176287
2025-09-06,110224.6953125,202000.0,581225.801912757
2025-09-07,111167.6171875,202000.0,586197.9229187091
2025-09-08,112071.4296875,202000.0,590963.8162931651
2025-09-09,111530.546875,202000.0,588111.6873256515
2025-09-10,113955.359375,202000.0,600897.9652627768
2025-09-11,115507.5390625,202000.0,609082.7634245874
2025-09-12,116101.578125,202000.0,612215.1905951973
2025-09-13,115950.5078125,202000.0,611418.5817837229
2025-09-14,115407.65625,202000.0,608556.0714012798
2025-09-15,115444.875,204000.0,610751.1128905262
2025-09-16,116843.1875,204000.0,618148.7640685776
2025-09-17,116468.5078125,204000.0,616166.5536316213
2025-09-18,117137.203125,204000.0,619704.2282689238
2025-09-19,115688.859375,204000.0,612041.8910957879
2025-09-20,115721.9609375,204000.0,612217.0120453777
2025-09-21,115306.09375,204000.0,610016.9027067841
2025-09-22,112748.5078125,204000.0,596486.215808459
2025-09-23,112014.5,204000.0,592603.0110464051
2025-09-24,113328.6328125,204000.0,599555.3168782606
2025-09-25,109049.2890625,204000.0,576915.8193886265
2025-09-26,109712.828125,204000.0,580426.2153318697
2025-09-27,109681.9453125,204000.0,580262.8324869962
2025-09-28,112122.640625,204000.0,593175.1196572674
2025-09-29,114400.3828125,204000.0,605225.3174325548
2025-09-30,114056.0859375,204000.0,603403.8446337754
2025-10-01,118648.9296875,206000.0,629780.3152925685
2025-10-02,120681.2578125,206000.0,640567.7724631602
2025-10-03,122266.53125,206000.0,648982.2942622462
2025-10-04,122425.4296875,206000.0,649825.7161821221
2025-10-05,123513.4765625,206000.0,655600.9937661287
2025-10-06,124752.53125,206000.0,662177.8103780757
2025-10-07,121451.3828125,206000.0,644655.5427160577
2025-10-08,123354.8671875,206000.0,654759.1061700168
2025-10-09,121705.5859375,206000.0,646004.8353277359
2025-10-10,113214.3671875,206000.0,600934.0332928773
2025-10-11,110807.8828125,206000.0,588160.5806167693
2025-10-12,115169.765625,206000.0,611313.1530012036
2025-10-13,115271.078125,206000.0,611850.9127463704
2025-10-14,113118.6640625,206000.0,600426.0477223734
2025-10-15,110783.1640625,208000.0,589986.2047970735
2025-10-16,108186.0390625,208000.0,576154.9702850393
2025-10-17,106467.7890625,208000.0,567004.2676040736
2025-10-18,107198.265625,208000.0,570894.4895385135
2025-10-19,108666.7109375,208000.0,578714.8337596369
2025-10-20,110588.9296875,208000.0,588951.7912856239
2025-10-21,108476.890625,208000.0,577703.9277549835
2025-10-22,107688.5859375,208000.0,573505.7366784092
2025-10-23,110069.7265625,208000.0,586186.7259994879
2025-10-24,111033.921875,208000.0,591321.6392141355
2025-10-25,111641.7265625,208000.0,594558.5604906725
2025-10-26,114472.4453125,208000.0,609633.820583607
2025-10-27,114119.328125,208000.0,607753.2616461117
2025-10-28,112956.1640625,208000.0,601558.7215587428
2025-10-29,110055.3046875,208000.0,586109.9209418845
2025-10-30,108305.546875,208000.0,576791.4204292209
2025-10-31,109556.1640625,208000.0,583451.7003946031
2025-11-01,110064.015625,210000.0,588163.5285759737
2025-11-02,110639.625,210000.0,591239.4879543312
2025-11-03,106547.5234375,210000.0,569371.9876580349
2025-11-04,101590.5234375,210000.0,542882.6160446584
2025-11-05,103891.8359375,210000.0,555180.441747908
2025-11-06,101301.2890625,210000.0,541336.9963467084
2025-11-07,103372.40625,210000.0,552404.6971404423
2025-11-08,102282.1171875,210000.0,546578.3763531592
2025-11-09,104719.640625,210000.0,559604.0903237568
2025-11-10,105996.59375,210000.0,566427.9123655134
2025-11-11,102997.46875,210000.0,550401.0944030426
2025-11-12,101663.1875,210000.0,543270.9205341681
2025-11-13,99697.4921875,210000.0,532766.5764527712
2025-11-14,94397.7890625,210000.0,504445.85716314084
2025-11-15,95549.1484375,212000.0,512620.4110099834
2025-11-16,94177.078125,212000.0,505259.26484562573
2025-11-17,92093.875,212000.0,494082.89687565574
2025-11-18,92948.875,212000.0,498669.9649822881
2025-11-19,91465.9921875,212000.0,490714.31064884714
2025-11-20,86631.8984375,212000.0,464779.4366545831
2025-11-21,85090.6875,212000.0,456510.85240078287
2025-11-22,84648.359375,212000.0,454137.7655763923
2025-11-23,86805.0078125,212000.0,465708.1670557779
2025-11-24,88270.5625,212000.0,473570.85613830044
2025-11-25,87341.890625,212000.0,468588.5390162666
2025-11-26,90518.3671875,212000.0,485630.3101639963
2025-11-27,91285.375,212000.0,489745.30089412094
2025-11-28,90919.265625,212000.0,487781.1270489729
2025-11-29,90851.7578125,212000.0,487418.9481791866
2025-11-30,90394.3125,212000.0,484964.7577657396
2025-12-01,86321.5703125,214000.0,465022.61812181625
2025-12-02,91350.203125,214000.0,492112.3476943493
2025-12-03,93527.8046875,214000.0,503843.29716797435
2025-12-04,92141.625,214000.0,496375.81360465474
2025-12-05,89387.7578125,214000.0,481540.46567417844
2025-12-06,89272.375,214000.0,480918.88734374766
2025-12-07,90405.640625,214000.0,487023.8984789383
2025-12-08,90640.203125,214000.0,488287.5092713314
2025-12-09,92691.7109375,214000.0,499339.1795619953
2025-12-10,92020.9453125,214000.0,495725.70049813675
2025-12-11,92511.3359375,214000.0,498367.4820541758
2025-12-12,90270.4140625,214000.0,486295.41995490645
2025-12-13,90298.7109375,214000.0,486447.8579475139
2025-12-14,88175.1796875,214000.0,475008.19045810663
2025-12-15,86419.78125,216000.0,467510.00465814344
2025-12-16,87843.984375,216000.0,475214.5972869623
2025-12-17,86143.7578125,216000.0,466016.7849729642
2025-12-18,85462.5078125,216000.0,462331.3881105027
2025-12-19,88103.3828125,216000.0,476617.8797643053
2025-12-20,88344.0,216000.0,477919.5602455777
2025-12-21,88621.75,216000.0,479422.1202140896
2025-12-22,88490.015625,216000.0,478709.4692749287
2025-12-23,87414.0,216000.0,472888.4863636119
2025-12-24,87611.9609375,216000.0,473959.4069037256
2025-12-25,87234.7421875,216000.0,471918.74518231396
2025-12-26,87301.4296875,216000.0,472279.5083430705
2025-12-27,87802.15625,216000.0,474988.31730070524
2025-12-28,87835.8359375,216000.0,475170.51622127945
2025-12-29,87138.140625,216000.0,471396.1542166679
2025-12-30,88430.1328125,216000.0,478385.51781907125
2025-12-31,87508.828125,216000.0,473401.48346357245
2026-01-01,88731.984375,218000.0,482044.40654932434
2026-01-02,89944.6953125,218000.0,488632.56670713733
2026-01-03,90603.1875,218000.0,492209.88415333926
2026-01-04,91413.4921875,218000.0,496611.9365244358
2026-01-05,93882.5546875,218000.0,510025.3384214977
2026-01-06,93729.03125,218000.0,509191.3086762783
2026-01-07,91308.0546875,218000.0,496039.137916656
2026-01-08,91027.125,218000.0,494512.96237300185
2026-01-09,90513.1015625,218000.0,491720.48427587113
2026-01-10,90386.6484375,218000.0,491033.5164138732
2026-01-11,90827.4609375,218000.0,493428.26957372576
2026-01-12,91192.9921875,218000.0,495414.05063928623
2026-01-13,95321.78125,218000.0,517844.064882954
2026-01-14,96929.328125,218000.0,526577.2064307038
2026-01-15,95551.1875,220000.0,521059.887366694
2026-01-16,95525.1171875,220000.0,520917.7206971812
2026-01-17,95099.921875,220000.0,518599.04494404
2026-01-18,93634.4296875,220000.0,510607.420620632
2026-01-19,92553.59375,220000.0,504713.40437038266
2026-01-20,88310.90625,220000.0,481577.17415993044
2026-01-21,89376.9609375,220000.0,487390.5852742139
2026-01-22,89462.453125,220000.0,487856.79140681156
2026-01-23,89503.875,220000.0,488082.6732413206
2026-01-24,89110.734375,220000.0,485938.7981609426
2026-01-25,86572.21875,220000.0,472095.7607246879
2026-01-26,88267.140625,220000.0,481338.5113842006
2026-01-27,89102.5703125,220000.0,485894.27788235684
2026-01-28,89184.5703125,220000.0,486341.4404125354
2026-01-29,84561.5859375,220000.0,461131.3746795953
2026-01-30,84128.65625,220000.0,458770.52182042546
2026-01-31,78621.1171875,220000.0,428736.801061341
2026-02-01,76974.4453125,222000.0,421713.19588338514
2026-02-02,78688.765625,222000.0,431105.2934141585
2026-02-03,75633.546875,222000.0,414366.9322872338
2026-02-04,73019.703125,222000.0,400046.6939681756
2026-02-05,62702.09765625,222000.0,343520.52663528966
2026-02-06,70555.390625,222000.0,386545.67949757684
2026-02-07,69281.96875,222000.0,379569.09387316764
2026-02-08,70264.7265625,222000.0,384953.2435894298
2026-02-09,70120.78125,222000.0,384164.6229307117
2026-02-10,68793.9609375,222000.0,376895.48793304124
2026-02-11,66991.96875,222000.0,367023.0701291534
2026-02-12,66221.84375,222000.0,362803.8533012673
2026-02-13,68857.84375,222000.0,377245.4771393554
2026-02-14,69767.625,222000.0,382229.8165124379
2026-02-15,68788.1875,224000.0,378833.88389152463
2026-02-16,68843.15625,224000.0,379136.6106504636
2026-02-17,67494.21875,224000.0,371707.67189187335
2026-02-18,66425.3203125,224000.0,365820.9788231876
2026-02-19,66957.5234375,224000.0,368751.9555532106
2026-02-20,68005.421875,224000.0,374522.9963296809
2026-02-21,68003.765625,224000.0,374513.87494353886
2026-02-22,67659.390625,224000.0,372617.31503250555
2026-02-23,64616.73828125,224000.0,355860.66179586574
2026-02-24,64080.04296875,224000.0,352904.9454572029
2026-02-25,67960.125,224000.0,374273.5350237786
2026-02-26,67453.7734375,224000.0,371484.92936330213
2026-02-27,65881.796875,224000.0,362827.6582793922
2026-02-28,66995.859375,224000.0,368963.08122207265
2026-03-01,65738.1015625,226000.0,363996.4889277881
2026-03-02,68775.8515625,226000.0,380816.7241940762
2026-03-03,68293.6484375,226000.0,378146.73159803
2026-03-04,72710.578125,226000.0,402603.5817332953
2026-03-05,70841.125,226000.0,392252.2883807161
2026-03-06,68136.4921875,226000.0,377276.54639563756
2026-03-07,67272.59375,226000.0,372493.08002581494
2026-03-08,65969.78125,226000.0,365279.3156416948
2026-03-09,68402.3828125,226000.0,378748.80147508794
2026-03-10,69926.921875,226000.0,387190.28142040805
2026-03-11,70204.8828125,226000.0,388729.37066856475
2026-03-12,70493.4609375,226000.0,390327.248030166
2026-03-13,70968.265625,226000.0,392956.274957756
2026-03-14,71214.625,226000.0,394320.38413315086
2026-03-15,72789.9140625,228000.0,405085.0938691356
2026-03-16,74861.0859375,228000.0,416611.4277604367
2026-03-17,73922.4765625,228000.0,411387.94767153513
2026-03-18,71245.578125,228000.0,396490.6687174516
2026-03-19,69912.7890625,228000.0,389073.5287270541
2026-03-20,70522.5859375,228000.0,392467.12559458683
2026-03-21,68711.5234375,228000.0,382388.33332969353
2026-03-22,67845.2109375,228000.0,377567.19450981275
2026-03-23,70914.859375,228000.0,394650.17697332066
2026-03-24,70517.859375,228000.0,392440.8216754429
2026-03-25,71309.8828125,228000.0,396848.5324504654
2026-03-26,68791.625,228000.0,382834.108673466
2026-03-27,66338.375,228000.0,369181.46160918777
2026-03-28,66319.6953125,228000.0,369077.506781629
2026-03-29,65954.921875,228000.0,367047.4963870051
2026-03-30,66691.4453125,228000.0,371146.34263046033
2026-03-31,68233.3125,228000.0,379727.02887561626
2026-04-01,68078.5546875,230000.0,380859.26276693423
2026-04-02,66888.5703125,230000.0,374202.0037542089
2026-04-03,66931.1015625,230000.0,374439.9409518171
2026-04-04,67290.515625,230000.0,376450.65013182483
2026-04-05,68981.8984375,230000.0,385912.93695595587
2026-04-06,68859.828125,230000.0,385230.02573027124
2026-04-07,71940.703125,230000.0,402465.6998212273
2026-04-08,71123.359375,230000.0,397893.1447856352
2026-04-09,71767.828125,230000.0,401498.5664067025
2026-04-10,72979.046875,230000.0,408274.6191929581
2026-04-11,73054.2734375,230000.0,408695.4673332536
2026-04-12,70753.40625,230000.0,395823.4757820467
2026-04-13,74484.640625,230000.0,416697.5260581767
2026-04-14,74181.609375,230000.0,415002.2453783779
2026-04-15,74805.078125,232000.0,420504.9656140382
2026-04-16,75152.1328125,232000.0,422455.8788821123
2026-04-17,77126.875,232000.0,433556.5810866296
2026-04-18,75726.2109375,232000.0,425682.9686501292
2026-04-19,73856.3515625,232000.0,415171.848658067
2026-04-20,75872.5234375,232000.0,426505.4413260964
2026-04-21,76352.7734375,232000.0,429205.0910664347
2026-04-22,78203.1015625,232000.0,439606.4192126021
2026-04-23,78268.953125,232000.0,439976.593400221
2026-04-24,77455.3125,232000.0,435402.84076719667
2026-04-25,77612.015625,232000.0,436283.72270517994
2026-04-26,78657.5390625,232000.0,442160.9680494058
2026-04-27,77366.625,232000.0,434904.2979533575
2026-04-28,76350.671875,232000.0,429193.2774638164
2026-04-29,75776.1328125,232000.0,425963.5966082363
2026-04-30,76304.3203125,232000.0,428932.71945513884
2026-05-01,78179.0,234000.0,441518.00415747496
2026-05-02,78657.25,234000.0,444218.9338890949
2026-05-03,78538.2265625,234000.0,443546.74582615006
2026-05-04,79827.90625,234000.0,450830.24653129384
2026-05-05,80927.0546875,234000.0,457037.7168800807
2026-05-06,81427.53125,234000.0,459864.17172092793
2026-05-07,80009.9921875,234000.0,451858.5817582748
2026-05-08,80186.765625,234000.0,452856.91449869174
2026-05-09,80664.3671875,234000.0,455554.1821620987
2026-05-10,82138.9296875,234000.0,463881.8135209733
2026-05-11,81728.296875,234000.0,461562.75367348775
2026-05-12,80477.4921875,234000.0,454498.8005759064
2026-05-13,79277.1171875,234000.0,447719.65049416415
2026-05-14,81051.25,234000.0,457739.1132461217
2026-05-15,79065.6796875,236000.0,448474.71049702575
2026-05-16,78131.4375,236000.0,443175.521313689
2026-05-17,77429.3515625,236000.0,439193.1640025417
2026-05-18,76954.171875,236000.0,436497.8596223364
2026-05-19,76750.90625,236000.0,435344.9005548096
2026-05-20,77457.7734375,236000.0,439354.37797316443
2026-05-21,77539.171875,236000.0,439816.084504203
2026-05-22,75488.2421875,236000.0,428182.84361527744
2026-05-23,76673.3671875,236000.0,434905.0850907
2026-05-24,76981.125,236000.0,436650.7425796339
2026-05-25,77279.9296875,236000.0,438345.61633840465
2026-05-26,75825.734375,236000.0,430097.15981014597
2026-05-27,74344.703125,236000.0,421696.4850330997
2026-05-28,73536.5546875,236000.0,417112.52220651146
2026-05-29,73372.5234375,236000.0,416182.1075481291
2026-05-30,73754.8359375,236000.0,418350.65259111824
2026-05-31,73579.6875,236000.0,417357.1792520882
2026-06-01,71319.7734375,238000.0,406475.1615097795
2026-06-02,66703.65625,238000.0,380166.3709892736
2026-06-03,64014.3671875,238000.0,364839.21621382947
2026-06-04,63801.57421875,238000.0,363626.4381556294
2026-06-05,60922.66796875,238000.0,347218.59182440466
2026-06-06,60867.4140625,238000.0,346903.6813951575
2026-06-07,63239.51953125,238000.0,360423.1011444834
2026-06-08,63090.58984375,238000.0,359574.30121337855
2026-06-09,61643.78125,238000.0,351328.4567795956
2026-06-10,61449.2890625,238000.0,350219.98097385385
2026-06-11,63561.0546875,238000.0,362255.63717577525
2026-06-12,63543.19921875,238000.0,362153.8729076884
2026-06-13,64421.32421875,238000.0,367158.59998402395
2026-06-14,65710.3984375,238000.0,374505.46363781387
2026-06-15,66289.5,240000.0,379821.5429115336
2026-06-16,65600.640625,240000.0,375874.55838666053
2026-06-17,64418.4453125,240000.0,369100.88763010735
2026-06-18,62896.47265625,240000.0,360380.3813272081
2026-06-19,63540.8359375,240000.0,364072.4148420168
2026-06-20,64239.67578125,240000.0,368076.584849351
2026-06-21,63237.5390625,240000.0,362334.602865418
2026-06-22,63952.10546875,240000.0,366428.8819734913
2026-06-23,62668.01953125,240000.0,359071.4045145837
2026-06-24,60995.1328125,240000.0,349486.2000005681
2026-06-25,59721.67578125,240000.0,342189.6234018471
2026-06-26,60016.4296875,240000.0,343878.4863960027
2026-06-27,59940.09765625,240000.0,343441.1237686945
2026-06-28,59532.33984375,240000.0,341104.7778696006
2026-06-29,59991.87890625,240000.0,343737.8168236864
